CODE_ART,LIBELLE_ART,LIBELLE_ETD_ART,PRIX_ART_DPA,DATE_PRIX,PRIX_ART_CPT,PRIX_ART_PCT,CES_CREDIT,CES_COMPTANT,CES_PRETCT,CODE_SOUS_FAM,CODE_UNITE,ACTIF,LIBELLE_UNITE,LIBELLE_SOUS_FAM,CODE_FAM,LIBELLE_FAM,CAMPAGNE,CODE_CAMP
368197.0,SUPER MAIS,SUPER MAIS,6250,2025-05-28,0.0,0.0,O,O,O,3681,,True,Litre,Herbicides,DCPT_UN,décomptes numéro 1,2025-2026,15
368194.0,NICOMAIS DUO,NICOMAIS DUO,4600,2025-05-28,0.0,0.0,O,O,O,3681,,True,Litre,Herbicides,DCPT_UN,décomptes numéro 1,2025-2026,15
3680.0,SMARFOIL,SMARFOIL,2000,2025-08-06,0.0,0.0,O,O,O,3680,,True,Litre,Engrais,DCPT_UN,décomptes numéro 1,2025-2026,15
368030.0,SMARFOIL,SMARFOIL,2000,2025-08-11,0.0,0.0,O,O,O,3680,,True,Litre,Engrais,DCPT_UN,décomptes numéro 1,2025-2026,15
373316.0,RADIAN,RADIAN,48000,2025-08-18,0.0,0.0,O,O,O,3733,,True,Litre,insecticide bio,DCPT_DEUX,décomptes numéro 2,2025-2026,15
368778.0,APPAREIL PULMIC SAGA 35,APPAREIL PULMIC SAGA 35 (APPAREIL A CACHE),25000,2024-06-06,0.0,0.0,O,O,O,3687,,True,Unité,App Hand Piec Rechan,NO_DCPT,Aucun Décompte,2025-2026,15
368240.0,INSECTOR MAX EN 50 G,INSECTOR MAX EN 50 G,600,2022-08-04,0.0,0.0,O,O,O,3682,,True,Sachet,prod traitsem,DCPT_UN,décomptes numéro 1,2025-2026,15
368148.0,DIABLO 80 DF EN SACHET,DIABLO 80 DF EN SACHET DE 225 g,1200,2017-04-25,0.0,0.0,O,O,O,3681,,True,Sachet,Herbicides,DCPT_UN,décomptes numéro 1,2025-2026,15
368361.0,EMACOT FORT 60 G,EMACOT FORT 60 G,3600,2023-07-25,0.0,0.0,O,O,O,3683,,True,Sachet,Insecticides,DCPT_DEUX,décomptes numéro 2,2025-2026,15
368722.0,RESSORT DE BOUCHON EXTERIEUR,RESSORT DE BOUCHON EXTERIEUR,250,2012-04-19,0.0,0.0,O,O,O,3687,,True,Unité,App Hand Piec Rechan,NO_DCPT,Aucun Décompte,2025-2026,15
368723.0,"VIS NP6 TYPE B 1/4"" REF.3456","VIS NP6 TYPE B 1/4"" REF.3456",30,2012-04-19,0.0,0.0,O,O,O,3687,,True,Unité,App Hand Piec Rechan,NO_DCPT,Aucun Décompte,2025-2026,15
368730.0,"TUYAU ALIMENTATION PVC 3/16""","TUYAU ALIMENTATION PVC 3/16""",225,2012-04-19,0.0,0.0,O,O,O,3687,,True,Unité,App Hand Piec Rechan,NO_DCPT,Aucun Décompte,2025-2026,15
368734.0,"VIS NP10 LONGUEUR 2"" REF.4407","VIS NP10 LONGUEUR 2"" REF.4407",250,2012-04-19,0.0,0.0,O,O,O,3687,,True,Unité,App Hand Piec Rechan,NO_DCPT,Aucun Décompte,2025-2026,15
369123.0,BOULON A OEIL DE COUTRIERE,BOULON A OEIL DE COUTRIERE,1000,2020-06-02,0.0,0.0,O,O,O,3691,,True,Unité,CHAR T34/MC3 PI RECH,NO_DCPT,Aucun Décompte,2025-2026,15
369124.0,TIREFOND 8 X 120,TIREFOND 8 X 120,100,2020-06-02,0.0,0.0,O,O,O,3691,,True,Unité,CHAR T34/MC3 PI RECH,NO_DCPT,Aucun Décompte,2025-2026,15
369125.0,BOULON TFCC 10 X 40,BOULON TFCC 10 X 40,350,2020-06-02,0.0,0.0,O,O,O,3691,,True,Unité,CHAR T34/MC3 PI RECH,NO_DCPT,Aucun Décompte,2025-2026,15
369126.0,BOULON TFCC 14 X 40,BOULON TFCC 14 X 40,350,2020-06-02,0.0,0.0,O,O,O,3691,,True,Unité,CHAR T34/MC3 PI RECH,NO_DCPT,Aucun Décompte,2025-2026,15
369127.0,BOULON TFE 12 X 35,BOULON TFE 12 X 35,350,2020-06-02,0.0,0.0,O,O,O,3691,,True,Unité,CHAR T34/MC3 PI RECH,NO_DCPT,Aucun Décompte,2025-2026,15
369128.0,BOULON 12 X 60,BOULON 12 X 60,350,2020-06-02,0.0,0.0,O,O,O,3691,,True,Unité,CHAR T34/MC3 PI RECH,NO_DCPT,Aucun Décompte,2025-2026,15
369129.0,BOULON TFCC 12 X 45,BOULON TFCC 12 X 45,350,2020-06-02,0.0,0.0,O,O,O,3691,,True,Unité,CHAR T34/MC3 PI RECH,NO_DCPT,Aucun Décompte,2025-2026,15
369130.0,RONDELLE PLATE DE 10,RONDELLE PLATE DE 10,200,2020-06-02,0.0,0.0,O,O,O,3691,,True,Unité,CHAR T34/MC3 PI RECH,NO_DCPT,Aucun Décompte,2025-2026,15
369401.0,ENSEMBLE SARCLEUR COMPLET MC3/T34,ENSEMBLE SARCLEUR COMPLET MC3/T34 EQUIPE DE 3 COEURS DE 250 MM,36500,2020-06-02,0.0,0.0,O,O,O,3694,,True,Unité,CORPS SARCLEUR,NO_DCPT,Aucun Décompte,2025-2026,15
369402.0,ENSEMBLE SARCLEUR COMPLET MC2/T27,ENSEMBLE SARCLEUR COMPLET MC2/T27 EQUIPE DE 3 COEURS DE 250 MN,36500,2020-06-02,0.0,0.0,O,O,O,3694,,True,Unité,CORPS SARCLEUR,NO_DCPT,Aucun Décompte,2025-2026,15
369403.0,ADAPTATEUR AVANT 101 B02,ADAPTATEUR AVANT 101 B02,5800,2020-06-02,0.0,0.0,O,O,O,3694,,True,Unité,CORPS SARCLEUR,NO_DCPT,Aucun Décompte,2025-2026,15
369404.0,BRIDE ADAPTATEUR/AGE T34 101,BRIDE ADAPTATEUR/AGE T34 101,900,2020-06-02,0.0,0.0,O,O,O,3694,,True,Unité,CORPS SARCLEUR,NO_DCPT,Aucun Décompte,2025-2026,15
369405.0,DENT DE RESSORT 101 B04,DENT DE RESSORT 101 B04,5800,2020-06-02,0.0,0.0,O,O,O,3694,,True,Unité,CORPS SARCLEUR,NO_DCPT,Aucun Décompte,2025-2026,15
369406.0,COEUR 250MM 101 B06,COEUR 250MM 101 B06,5500,2020-06-02,0.0,0.0,O,O,O,3694,,True,Unité,CORPS SARCLEUR,NO_DCPT,Aucun Décompte,2025-2026,15
369407.0,POINTE REVERSIBLE 101 B07,POINTE REVERSIBLE 101 B07,2500,2020-06-02,0.0,0.0,O,O,O,3694,,True,Unité,CORPS SARCLEUR,NO_DCPT,Aucun Décompte,2025-2026,15
369412.0,SEP BUTTEUR 101 C02,SEP BUTTEUR 101 C02,12500,2020-06-02,0.0,0.0,O,O,O,3694,,True,Unité,CORPS SARCLEUR,NO_DCPT,Aucun Décompte,2025-2026,15
369413.0,POINTE CORPS BUTTEUR 101 C05,POINTE CORPS BUTTEUR 101 C05,2500,2020-06-02,0.0,0.0,O,O,O,3694,,True,Unité,CORPS SARCLEUR,NO_DCPT,Aucun Décompte,2025-2026,15
369414.0,BOULON 10X50 CORPS BUTTEUR ADP,BOULON 10X50 CORPS BUTTEUR ADP,350,2020-06-02,0.0,0.0,O,O,O,3694,,True,Unité,CORPS SARCLEUR,NO_DCPT,Aucun Décompte,2025-2026,15
369415.0,BOULON TFCC 9X30 FIXATION PTE.,BOULON TFCC 9X30 FIXATION PTE.,350,2020-06-02,0.0,0.0,O,O,O,3694,,True,Unité,CORPS SARCLEUR,NO_DCPT,Aucun Décompte,2025-2026,15
369419.0,ENSEMBLE LAME SARCLEUR T20,ENSEMBLE LAME SARCLEUR T20 COMPOS2 D'UNE DENT + COEUR DE 300 MM,16000,2020-06-02,0.0,0.0,O,O,O,3694,,True,Unité,CORPS SARCLEUR,NO_DCPT,Aucun Décompte,2025-2026,15
369421.0,BRICOLE POUR ANE,BRICOLE POUR ANE,3500,2020-06-02,0.0,0.0,O,O,O,3694,,True,Unité,CORPS SARCLEUR,NO_DCPT,Aucun Décompte,2025-2026,15
369422.0,BRICOLE EQUINE,BRICOLE EQUINE,6500,2020-06-02,0.0,0.0,O,O,O,3694,,True,Unité,CORPS SARCLEUR,NO_DCPT,Aucun Décompte,2025-2026,15
368167.0,HERBISTAR 360 EN BIDON DE 5L,HERBISTAR 360 EN BIDON DE 5L,2500,2025-05-28,0.0,0.0,O,O,O,3681,,True,Litre,Herbicides,DCPT_UN,décomptes numéro 1,2025-2026,15
368236.0,Agro GBS 30 p en sachet de 15 g,Agro GBS 30 p en sachet de 15 g,500,2024-05-30,0.0,0.0,O,O,O,3682,,True,Sachet,prod traitsem,DCPT_UN,décomptes numéro 1,2025-2026,15
368166.0,NIQUEL SUPER EN BIDON DE 1 LITRE,NIQUEL SUPER EN BIDON DE 1 LITRE,5000,2024-05-30,0.0,0.0,O,O,O,3681,,True,Litre,Herbicides,DCPT_UN,décomptes numéro 1,2025-2026,15
368225.0,calthio l en litre,calthio l en litre,7000,2024-05-30,0.0,0.0,O,O,O,3682,,True,Litre,prod traitsem,DCPT_UN,décomptes numéro 1,2025-2026,15
260007.0,Coques de coton en sac de 40 kg,Coques de coton en sac de 40 kg,1300,2020-01-01,0.0,0.0,O,O,O,2600,,True,Sac,COQUE DE COTON,NO_DCPT,Aucun Décompte,2025-2026,15
368164.0,herbicoton en bidon de 5 litre,herbicoton en bidon de 5 litre,4000,2025-05-28,0.0,0.0,O,O,O,3681,,True,Litre,Herbicides,DCPT_UN,décomptes numéro 1,2025-2026,15
368229.0,cofix bleu en bidon de 25 litres,cofix bleu en bidon de 25 litres,3650,2024-05-30,0.0,0.0,O,O,O,3682,,True,Litre,prod traitsem,DCPT_UN,décomptes numéro 1,2025-2026,15
368237.0,agro GBS 30 p en sachet de 25 g,agro GBS 30 p en sachet de 25 g,850,2024-05-30,0.0,0.0,O,O,O,3682,,True,Sachet,prod traitsem,DCPT_UN,décomptes numéro 1,2025-2026,15
368238.0,agro GSB 30 l en litre,agro GSB 30 l en litre,7000,2024-05-30,0.0,0.0,O,O,O,3682,,True,Litre,prod traitsem,DCPT_UN,décomptes numéro 1,2025-2026,15
368845.0,TUBE PVC 8 ID 12 OD X 9,TUBE PVC 8 ID 12 OD X 9,0,2012-04-19,0.0,0.0,O,O,O,3688,,True,Tube,App Ulv Piec Rechang,NO_DCPT,Aucun Décompte,2025-2026,15
368224.0,SAPHIR 60 WS,SAPHIR 60 WS EN SACHET DE 50 GRAMMES,500,2024-05-30,0.0,0.0,O,O,O,3682,,True,Sachet,prod traitsem,DCPT_UN,décomptes numéro 1,2025-2026,15
368404.0,PILES TIGER,PILES TIGER,200,2024-08-09,0.0,0.0,O,O,O,3684,,True,Unité,Piles,DCPT_DEUX,décomptes numéro 2,2025-2026,15
368360.0,DENIM FIT,DENIM FIT SACHET DE 80 g,3400,2014-07-31,0.0,0.0,O,O,O,3683,,True,Sachet,Insecticides,DCPT_DEUX,décomptes numéro 2,2025-2026,15
368144.0,COMMANDEUR 680,COMMANDEUR 680 EN SACHET DE 260 g,1200,2025-05-28,0.0,0.0,O,O,O,3681,,True,Sachet,Herbicides,DCPT_UN,décomptes numéro 1,2025-2026,15
369433.0,CLE PLATE DE 17-19,CLE PLATE DE 17-19,900,2020-06-02,0.0,0.0,O,O,O,3694,,True,Unité,CORPS SARCLEUR,NO_DCPT,Aucun Décompte,2025-2026,15
369434.0,CLE PLATE DE 13-17,CLE PLATE DE 13-17,900,2020-06-02,0.0,0.0,O,O,O,3694,,True,Unité,CORPS SARCLEUR,NO_DCPT,Aucun Décompte,2025-2026,15
369435.0,CORDE DE SEMIS,CORDE DE SEMIS,300,2020-06-02,0.0,0.0,O,O,O,3694,,True,Unité,CORPS SARCLEUR,NO_DCPT,Aucun Décompte,2025-2026,15
369504.0,ECROU DE FIXATION DE ROUE,ECROU DE FIXATION DE ROUE,350,2020-06-02,0.0,0.0,O,O,O,3695,,True,Unité,Mat transp Piec Rech,NO_DCPT,Aucun Décompte,2025-2026,15
369505.0,ROUE COMPLETE DE POUSSE,ROUE COMPLETE DE POUSSE,22000,2020-06-02,0.0,0.0,O,O,O,3695,,True,Unité,Mat transp Piec Rech,NO_DCPT,Aucun Décompte,2025-2026,15
369506.0,TIMON DE CHARRETTE,TIMON DE CHARRETTE,31000,2020-06-02,0.0,0.0,O,O,O,3695,,True,Unité,Mat transp Piec Rech,NO_DCPT,Aucun Décompte,2025-2026,15
369507.0,PNEU DE CHARRETTE TOUT MODELE,PNEU DE CHARRETTE TOUT MODELE,30000,2020-06-02,0.0,0.0,O,O,O,3695,,True,Unité,Mat transp Piec Rech,NO_DCPT,Aucun Décompte,2025-2026,15
369508.0,CHAMBRE A AIR DE CHARRETTE,CHAMBRE A AIR DE CHARRETTE,4000,2020-06-02,0.0,0.0,O,O,O,3695,,True,Unité,Mat transp Piec Rech,NO_DCPT,Aucun Décompte,2025-2026,15
369510.0,PNEU DE POUSSE-POUSSE,PNEU DE POUSSE-POUSSE,7200,2020-06-02,0.0,0.0,O,O,O,3695,,True,Unité,Mat transp Piec Rech,NO_DCPT,Aucun Décompte,2025-2026,15
369511.0,CHAMBRE A AIR DE POUSSE,CHAMBRE A AIR DE POUSSE,2100,2020-06-02,0.0,0.0,O,O,O,3695,,True,Unité,Mat transp Piec Rech,NO_DCPT,Aucun Décompte,2025-2026,15
369512.0,CHARRETTE ASINE METALLIQUE,CHARRETTE ASINE METALLIQUE MONTEE SUR ROULEMENT A BILLES ET PENEUMATIQUES DE 13,226000,2020-06-02,0.0,0.0,O,O,O,3695,,True,Unité,Mat transp Piec Rech,NO_DCPT,Aucun Décompte,2025-2026,15
369513.0,BEQUILLE POUR CHARRETTE,BEQUILLE POUR CHARRETTE,10000,2020-06-02,0.0,0.0,O,O,O,3695,,True,Jeu,Mat transp Piec Rech,NO_DCPT,Aucun Décompte,2025-2026,15
369515.0,CHARRETTE MONOBOVINE COMPLETE,CHARRETTE MONOBOVINE COMPLETE,230000,2020-06-02,0.0,0.0,O,O,O,3695,,True,Unité,Mat transp Piec Rech,NO_DCPT,Aucun Décompte,2025-2026,15
369516.0,ROULEMENT 30204,ROULEMENT 30204,6800,2020-06-02,0.0,0.0,O,O,O,3695,,True,Unité,Mat transp Piec Rech,NO_DCPT,Aucun Décompte,2025-2026,15
369517.0,ROULEMENT 7205,ROULEMENT 7205,6800,2020-06-02,0.0,0.0,O,O,O,3695,,True,Unité,Mat transp Piec Rech,NO_DCPT,Aucun Décompte,2025-2026,15
369518.0,ROULEMENT 7207,ROULEMENT 7207,10000,2020-06-02,0.0,0.0,O,O,O,3695,,True,Unité,Mat transp Piec Rech,NO_DCPT,Aucun Décompte,2025-2026,15
369520.0,ROULEMENT 30206,ROULEMENT 30206,10000,2020-06-02,0.0,0.0,O,O,O,3695,,True,Unité,Mat transp Piec Rech,NO_DCPT,Aucun Décompte,2025-2026,15
369521.0,ROULEMENT 30207,ROULEMENT 30207,10000,2020-06-02,0.0,0.0,O,O,O,3695,,True,Unité,Mat transp Piec Rech,NO_DCPT,Aucun Décompte,2025-2026,15
369202.0,SOC AVEC BOULON T27 102-04,SOC AVEC BOULON T27 102-04,4500,2020-06-02,0.0,0.0,O,O,O,3692,,True,Unité,CHAR T27/MC2 PI RECH,NO_DCPT,Aucun Décompte,2025-2026,15
369203.0,VERSOIR + BOULON T27 102-03,VERSOIR + BOULON T27 102-03,6930,2020-06-02,0.0,0.0,O,O,O,3692,,True,Unité,CHAR T27/MC2 PI RECH,NO_DCPT,Aucun Décompte,2025-2026,15
369204.0,COUTRIERE T27 102-09,COUTRIERE T27 102-09,2100,2020-06-02,0.0,0.0,O,O,O,3692,,True,Unité,CHAR T27/MC2 PI RECH,NO_DCPT,Aucun Décompte,2025-2026,15
369206.0,SEP T27 102-02,SEP T27 102-02,8000,2020-06-02,0.0,0.0,O,O,O,3692,,True,Unité,CHAR T27/MC2 PI RECH,NO_DCPT,Aucun Décompte,2025-2026,15
369207.0,MANCHERON GAUCHE T27 102-18,MANCHERON GAUCHE T27 102-18,4000,2020-06-02,0.0,0.0,O,O,O,3692,,True,Unité,CHAR T27/MC2 PI RECH,NO_DCPT,Aucun Décompte,2025-2026,15
368156.0,AGIL 100 EC EN FLACON,AGIL 100 EC EN FLACON,1500,2020-06-02,0.0,0.0,O,O,O,3681,,True,Flacon,Herbicides,DCPT_UN,décomptes numéro 1,2025-2026,15
346001.0,GAZOLE,GAZOLE,585,2014-11-30,0.0,0.0,O,O,O,3460,,True,Litre,CARBURANT,NO_DCPT,Aucun Décompte,2025-2026,15
368369.0,INDOXAN 150 EC,INDOXAN 150 EC,42400,2024-08-09,0.0,0.0,O,O,O,3683,,True,Litre,Insecticides,DCPT_DEUX,décomptes numéro 2,2025-2026,15
368370.0,PATRIOT 150 EC EN LITRE,PATRIOT 150 EC,42400,2024-08-09,0.0,0.0,O,O,O,3683,,True,Litre,Insecticides,DCPT_DEUX,décomptes numéro 2,2025-2026,15
368371.0,INDOCALM 150 EC,INDOCALM 150 EC,42400,2024-08-09,0.0,0.0,O,O,O,3683,,True,Litre,Insecticides,DCPT_DEUX,décomptes numéro 2,2025-2026,15
368374.0,MORAN 150 EC,MORAN 150 EC,39600,2020-08-18,0.0,0.0,O,O,O,3683,,True,Litre,Insecticides,DCPT_DEUX,décomptes numéro 2,2025-2026,15
368375.0,MORAN 30 DF EN SACHET DE 42 G,MORAN 30 DF EN SACHET DE 42 G,3600,2024-08-09,0.0,0.0,O,O,O,3683,,True,Sachet,Insecticides,DCPT_DEUX,décomptes numéro 2,2025-2026,15
368372.0,KRISS 200 SL,KRISS 200 SL,10000,2024-08-09,0.0,0.0,O,O,O,3683,,True,Litre,Insecticides,DCPT_DEUX,décomptes numéro 2,2025-2026,15
368373.0,BELUGA 480 SC EN BIDON DE 939 ML,BELUGE 480 SC EN BIDON DE 939 ML,20400,2022-08-04,0.0,0.0,O,O,O,3683,,True,Bidon,Insecticides,DCPT_DEUX,décomptes numéro 2,2025-2026,15
3696.0,POT DE PEINTURE VERT DE 4 KG,POT DE PEINTURE VERT DE 4 KG,12000,2020-08-18,0.0,0.0,O,O,O,3696,,True,Unité,Divers,DCPT_DEUX,décomptes numéro 2,2025-2026,15
368918.0,MOTEUR SAGA,MOTEUR SAGA,6050,2012-04-12,0.0,0.0,O,O,O,3689,,True,Unité,APPAREIL PULV SAGA,NO_DCPT,Aucun Décompte,2025-2026,15
369201.0,CHARRUE T27,CHARRUE T27,60000,2024-11-05,0.0,0.0,O,O,O,3692,,True,Unité,CHAR T27/MC2 PI RECH,NO_DCPT,Aucun Décompte,2025-2026,15
368516.0,ETHIDIUM,ETHIDIUM,350,2012-01-01,0.0,0.0,O,O,O,3685,,True,Com,Produits Vétérinaire,NO_DCPT,Aucun Décompte,2025-2026,15
368517.0,TRYPAMIDIUM 125 MG,TRYPAMIDIUM 125 MG,700,2012-01-01,0.0,0.0,O,O,O,3685,,True,Sachet,Produits Vétérinaire,NO_DCPT,Aucun Décompte,2025-2026,15
368518.0,TRYPAMIDIUM 1 G,TRYPAMIDIUM 1G,3500,2012-01-01,0.0,0.0,O,O,O,3685,,True,Sachet,Produits Vétérinaire,NO_DCPT,Aucun Décompte,2025-2026,15
368519.0,VERIBEN 1.05 G,VERIBEN 1.05G,400,2012-01-01,0.0,0.0,O,O,O,3685,,True,Sachet,Produits Vétérinaire,NO_DCPT,Aucun Décompte,2025-2026,15
368520.0,VERIBEN 10.5G,VERIBEN 10.5G,2000,2012-01-01,0.0,0.0,O,O,O,3685,,True,Sachet,Produits Vétérinaire,NO_DCPT,Aucun Décompte,2025-2026,15
368523.0,NOVIDIUM,NOVIDIUM,350,2012-01-01,0.0,0.0,O,O,O,3685,,True,Com,Produits Vétérinaire,NO_DCPT,Aucun Décompte,2025-2026,15
368524.0,CYPERCAL 12 EC EN FLACON DE 1L,CYPERCAL 12 EC EN FLACON DE 1L,3000,2012-01-01,0.0,0.0,O,O,O,3685,,True,Litre,Produits Vétérinaire,NO_DCPT,Aucun Décompte,2025-2026,15
368525.0,VERIDIUM 125 MG,VERIDIUM 125 MG,500,2012-01-01,0.0,0.0,O,O,O,3685,,True,Sachet,Produits Vétérinaire,NO_DCPT,Aucun Décompte,2025-2026,15
368527.0,TRYPADIM 10.5G,TRYPADIM 10.5G,2000,2012-01-01,0.0,0.0,O,O,O,3685,,True,Sachet,Produits Vétérinaire,NO_DCPT,Aucun Décompte,2025-2026,15
368528.0,TRYPADIM 1.05G,TRYPADIM 1.05G,400,2012-01-01,0.0,0.0,O,O,O,3685,,True,Sachet,Produits Vétérinaire,NO_DCPT,Aucun Décompte,2025-2026,15
368529.0,BOLUMISOLE 1 OVIN,BOLUMISOLE 1 OVIN,150,2012-01-01,0.0,0.0,O,O,O,3685,,True,Com,Produits Vétérinaire,NO_DCPT,Aucun Décompte,2025-2026,15
368530.0,BOLUMISOLE 3 BOVIN,BOLUMISOLE 3 BOVIN,200,2012-01-01,0.0,0.0,O,O,O,3685,,True,Com,Produits Vétérinaire,NO_DCPT,Aucun Décompte,2025-2026,15
368532.0,SYNANTHIC,SYNANTHIC,200,2012-01-01,0.0,0.0,O,O,O,3685,,True,Com,Produits Vétérinaire,NO_DCPT,Aucun Décompte,2025-2026,15
368534.0,VERMITAN 152 MG,VERMITAN 152 MG,150,2012-01-01,0.0,0.0,O,O,O,3685,,True,Com,Produits Vétérinaire,NO_DCPT,Aucun Décompte,2025-2026,15
368535.0,VERMITAN 2500 MG,VERMITAN 2500 MG,400,2012-01-01,0.0,0.0,O,O,O,3685,,True,Com,Produits Vétérinaire,NO_DCPT,Aucun Décompte,2025-2026,15
368536.0,VERMIFUGE POLYVALENTVOLAILLE,VERMIFUGE POLYVALENT VOLAILLE,50,2012-01-01,0.0,0.0,O,O,O,3685,,True,Com,Produits Vétérinaire,NO_DCPT,Aucun Décompte,2025-2026,15
368539.0,IVOMEC D 50 ML,IVOMEC D 50 ML,21000,2012-01-01,0.0,0.0,O,O,O,3685,,True,Flacon,Produits Vétérinaire,NO_DCPT,Aucun Décompte,2025-2026,15
368540.0,BENZAL 2500 MG,BENZAL 2500 MG,450,2012-01-01,0.0,0.0,O,O,O,3685,,True,Com,Produits Vétérinaire,NO_DCPT,Aucun Décompte,2025-2026,15
368542.0,BENZAL 300 MG,BENZAL 300 MG,200,2012-01-01,0.0,0.0,O,O,O,3685,,True,Com,Produits Vétérinaire,NO_DCPT,Aucun Décompte,2025-2026,15
368543.0,BOLUVIT AE,BOLUVIT AE,350,2012-01-01,0.0,0.0,O,O,O,3685,,True,Com,Produits Vétérinaire,NO_DCPT,Aucun Décompte,2025-2026,15
368544.0,OLIVITASOL,OLIVITASOL,350,2012-01-01,0.0,0.0,O,O,O,3685,,True,Sachet,Produits Vétérinaire,NO_DCPT,Aucun Décompte,2025-2026,15
368545.0,OXYFURAN 4,OXYFURAN 4,75,2012-01-01,0.0,0.0,O,O,O,3685,,True,Com,Produits Vétérinaire,NO_DCPT,Aucun Décompte,2025-2026,15
368546.0,FERROBLOC,FERROBLOC,400,2012-01-01,0.0,0.0,O,O,O,3685,,True,Com,Produits Vétérinaire,NO_DCPT,Aucun Décompte,2025-2026,15
368547.0,FERCOBSANG 100 MG,FERCOBSANG 100 MG,2600,2012-01-01,0.0,0.0,O,O,O,3685,,True,Flacon,Produits Vétérinaire,NO_DCPT,Aucun Décompte,2025-2026,15
368552.0,PHENYLARTHRITE 100 ML,PHENYLARTHRITE 100 ML,3500,2012-01-01,0.0,0.0,O,O,O,3685,,True,Flacon,Produits Vétérinaire,NO_DCPT,Aucun Décompte,2025-2026,15
368556.0,CHLORTETRAZONE 50 ML,CHLORTETRAZONE 50 ML,2500,2012-01-01,0.0,0.0,O,O,O,3685,,True,Flacon,Produits Vétérinaire,NO_DCPT,Aucun Décompte,2025-2026,15
368557.0,DOMINEX 7.5,DOMINEX 7.5,650,2012-01-01,0.0,0.0,O,O,O,3685,,True,Flacon,Produits Vétérinaire,NO_DCPT,Aucun Décompte,2025-2026,15
368558.0,SEBOVET,SEBOVET,2000,2012-01-01,0.0,0.0,O,O,O,3685,,True,Flacon,Produits Vétérinaire,NO_DCPT,Aucun Décompte,2025-2026,15
368596.0,ANTICOX,ANTICOX,2500,2012-01-01,0.0,0.0,O,O,O,3685,,True,Sachet,Produits Vétérinaire,NO_DCPT,Aucun Décompte,2025-2026,15
368589.0,ERADIK 7.5 CC,ERADIK 7.5 CC,600,2012-01-01,0.0,0.0,O,O,O,3685,,True,Flacon,Produits Vétérinaire,NO_DCPT,Aucun Décompte,2025-2026,15
368580.0,KELAVITASOL,KELAVITASOL,350,2012-01-01,0.0,0.0,O,O,O,3685,,True,Sachet,Produits Vétérinaire,NO_DCPT,Aucun Décompte,2025-2026,15
368567.0,ALBENDAZOLE 2500 MG,ALBENDAZOLE 2500 MG,350,2012-01-01,0.0,0.0,O,O,O,3685,,True,Com,Produits Vétérinaire,NO_DCPT,Aucun Décompte,2025-2026,15
368585.0,COMBIKEL 40 LA,COMBIKEL 40 LA,4000,2012-01-01,0.0,0.0,O,O,O,3685,,True,Flacon,Produits Vétérinaire,NO_DCPT,Aucun Décompte,2025-2026,15
368901.0,APPAREIL SAGA 35,APPAREIL SAGA 35 A CACHE,41000,2013-04-03,0.0,0.0,O,O,O,3689,,True,Unité,APPAREIL PULV SAGA,NO_DCPT,Aucun Décompte,2025-2026,15
368354.0,PIX 5%,PIX 5%,3000,2024-08-09,0.0,0.0,O,O,O,3683,,True,Litre,Insecticides,DCPT_DEUX,décomptes numéro 2,2025-2026,15
368357.0,STEWARD 150 EC,STEWARD 150 EC EN BIDON DE 1.02 L,39600,2020-08-18,0.0,0.0,O,O,O,3683,,True,Bidon,Insecticides,DCPT_DEUX,décomptes numéro 2,2025-2026,15
368347.0,TIHAN 175,TIHAN 175 O-TEG (FLACON DE 100 ML),36000,2024-08-04,0.0,0.0,O,O,O,3683,,True,Flacon,Insecticides,DCPT_DEUX,décomptes numéro 2,2025-2026,15
368006.0,ENGRAIS AVARIES,ENGRAIS AVARIES(TOUTE FORMULE),410,2015-05-09,0.0,0.0,O,O,O,3680,,True,Kilogramme,Engrais,DCPT_UN,décomptes numéro 1,2025-2026,15
368353.0,CYPERCOT 100 EC,CYPERCOT 100 EC,1700,2019-09-05,0.0,0.0,O,O,O,3683,,True,Litre,Insecticides,DCPT_DEUX,décomptes numéro 2,2025-2026,15
369440.0,SEMOIR MECANIQUE,SEMOIR MECANIQUE SUPER ECO AVEC 3 DISQUES,170000,2020-06-02,0.0,0.0,O,O,O,3694,,True,Unité,CORPS SARCLEUR,NO_DCPT,Aucun Décompte,2025-2026,15
368349.0,YASMIN 019 EC,YASMIN 019 EC,10200,2018-08-08,0.0,0.0,O,O,O,3683,,True,Litre,Insecticides,DCPT_DEUX,décomptes numéro 2,2025-2026,15
368344.0,EMACOT 50 WG,EMACOT 50 WG sachet de 100g,3300,2020-08-18,0.0,0.0,O,O,O,3683,,True,Sachet,Insecticides,DCPT_DEUX,décomptes numéro 2,2025-2026,15
788001.0,VELO MANU CYCLE,VELO MANU CYCLE,65000,2016-05-10,0.0,0.0,O,O,O,7880,,True,Unité,VELO MANU CYCLE,NO_DCPT,Aucun Décompte,2025-2026,15
368358.0,ALPHACYGA 180 EC,ALPHACYGA 180 EC EN LITRE,6100,2024-08-09,0.0,0.0,O,O,O,3683,,True,Litre,Insecticides,DCPT_DEUX,décomptes numéro 2,2025-2026,15
240002.0,EXPELLER GAROUA (SAC DE  60 KG),EXPELLER  GRAS DE  GAROUA (SAC DE  60 KG),10800,2015-03-27,0.0,0.0,O,O,O,2400,,True,Sac,Expeller,NO_DCPT,Aucun Décompte,2025-2026,15
240001.0,EXPELLER MAROUA (SAC DE 60 KG),EXPELLER  DE MAROUA (SAC DE 60 KG),12000,2015-03-27,0.0,0.0,O,O,O,2400,,True,Sac,Expeller,NO_DCPT,Aucun Décompte,2025-2026,15
368151.0,GLYCOT 41% SL,GLYCOT 41 % SL,2500,2025-05-28,0.0,0.0,O,O,O,3681,,True,Litre,Herbicides,DCPT_UN,décomptes numéro 1,2025-2026,15
367015.0,ACACIA NILOTICA,ACACIA NILOTICA EN SACHET,25,2015-07-12,0.0,0.0,O,O,O,3670,,True,Sachet,Semences PLANTE COUV,DCPT_UN,décomptes numéro 1,2025-2026,15
367016.0,CROTALAIRE JUNCIA,CROTALAIRE JUNCIA EN SACHET,25,2015-07-12,0.0,0.0,O,O,O,3670,,True,Sachet,Semences PLANTE COUV,DCPT_UN,décomptes numéro 1,2025-2026,15
368343.0,RIMON 10 EC,RIMON 10 EC,6800,2019-09-05,0.0,0.0,O,O,O,3683,,True,Litre,Insecticides,DCPT_DEUX,décomptes numéro 2,2025-2026,15
368356.0,LUFENALM 50 EC,LUFENALM 50 EC,4670,2016-08-09,0.0,0.0,O,O,O,3683,,True,Litre,Insecticides,DCPT_DEUX,décomptes numéro 2,2025-2026,15
368363.0,BENJI 250 SP,BENJI 250 SP EN SCHET DE 20 g,250,2016-08-09,0.0,0.0,O,O,O,3683,,True,Sachet,Insecticides,DCPT_DEUX,décomptes numéro 2,2025-2026,15
368365.0,PATRIOT 150 EC,PATRIOT 150 EC EN FLACON DE 85 ml,3300,2020-08-18,0.0,0.0,O,O,O,3683,,True,Flacon,Insecticides,DCPT_DEUX,décomptes numéro 2,2025-2026,15
368366.0,AZERTY 100 EC,AZERTY 100 EC EN BIDON DE 5 l,58350,2016-08-09,0.0,0.0,O,O,O,3683,,True,Litre,Insecticides,DCPT_DEUX,décomptes numéro 2,2025-2026,15
368367.0,OPTIMAL 200 SL,OPTIMAL 200 SL EN BIDON DE 5 LITRES,10000,2015-07-15,0.0,0.0,O,O,O,3683,,True,Litre,Insecticides,DCPT_DEUX,décomptes numéro 2,2025-2026,15
369695.0,SAVON MAY 200 g,SAVON MAY 200 g,170,2024-08-09,0.0,0.0,O,O,O,3696,,True,Unité,Divers,DCPT_DEUX,décomptes numéro 2,2025-2026,15
368149.0,HERBISTAR PLUS 757,HERBISTAR PLUS 757 EN SACHET DE 260 g,1200,2025-05-28,0.0,0.0,O,O,O,3681,,True,Sachet,Herbicides,DCPT_UN,décomptes numéro 1,2025-2026,15
368147.0,DIABLO 80 DF,DIABLO 80 DF EN SACHET DE170 g,950,2017-04-25,0.0,0.0,O,O,O,3681,,True,Sachet,Herbicides,DCPT_UN,décomptes numéro 1,2025-2026,15
368329.0,OPTIMAL EN SACHET DE 50G,OPTIMAL EN SACHET DE 50G,500,2016-08-09,0.0,0.0,O,O,O,3683,,True,Sachet,Insecticides,DCPT_DEUX,décomptes numéro 2,2025-2026,15
368330.0,TRIAZOFORCE,TRIAZOFORCE,6600,2016-08-09,0.0,0.0,O,O,O,3683,,True,Litre,Insecticides,DCPT_DEUX,décomptes numéro 2,2025-2026,15
368331.0,OPTIMAL EN SACHET DE 25G,OPTIMAL EN SACHET DE 25 G,250,2019-09-05,0.0,0.0,O,O,O,3683,,True,Sachet,Insecticides,DCPT_DEUX,décomptes numéro 2,2025-2026,15
368332.0,ALTERNAX EN SACHET DE 320 G,ALTERNAX EN SACHET DE 320 G,2350,2012-04-19,0.0,0.0,O,O,O,3683,,True,Sachet,Insecticides,DCPT_DEUX,décomptes numéro 2,2025-2026,15
368333.0,ALTERNAX EN SACHET DE 235G,ALTERNAX EN SACHET DE 235 G,2350,2012-04-19,0.0,0.0,O,O,O,3683,,True,Sachet,Insecticides,DCPT_DEUX,décomptes numéro 2,2025-2026,15
368334.0,FYFANON 880 EC,FYFANON 880 EC,3500,2012-04-19,0.0,0.0,O,O,O,3683,,True,Litre,Insecticides,DCPT_DEUX,décomptes numéro 2,2025-2026,15
368335.0,CIGOGNE 360 EC,CIGOGNE 360 EC,6100,2020-08-18,0.0,0.0,O,O,O,3683,,True,Litre,Insecticides,DCPT_DEUX,décomptes numéro 2,2025-2026,15
368336.0,STEWARD 150 EC,STEWARD 150 EC,39600,2020-08-18,0.0,0.0,O,O,O,3683,,True,Litre,Insecticides,DCPT_DEUX,décomptes numéro 2,2025-2026,15
368403.0,PILES ELECTRIQUES GOLSTON,PILES ELECTRIQUES GOLSTON,100,2012-04-19,0.0,0.0,O,O,O,3684,,True,Unité,Piles,DCPT_DEUX,décomptes numéro 2,2025-2026,15
366016.0,SEMENCE SOJA EN SACHET DE 5 KG,SEMENCHE SOJA EN SACHET DE 5 KGss,1250,2012-04-19,0.0,0.0,O,O,O,3660,,True,Sachet,Semences,DCPT_UN,décomptes numéro 1,2025-2026,15
368127.0,HERBISTAR PRO 800 WG,HERBISTAR PRO 800 WG EN SACHET DE 225 G,1350,2014-04-19,0.0,0.0,O,O,O,3681,,True,Sachet,Herbicides,DCPT_UN,décomptes numéro 1,2025-2026,15
368218.0,MOMTAZ 45 TS,MOMTAZ 45 TS,500,2024-05-30,0.0,0.0,O,O,O,3682,,True,Sachet,prod traitsem,DCPT_UN,décomptes numéro 1,2025-2026,15
368337.0,LAMBDACAL 100 EC,LAMBDACAL 100 EC,4100,2017-08-01,0.0,0.0,O,O,O,3683,,True,Litre,Insecticides,DCPT_DEUX,décomptes numéro 2,2025-2026,15
368701.0,APPAREIL HANDY NEUF,APPAREIL HANDY AVEC 02 BIDONS (MICRON),35000,2024-06-06,0.0,0.0,O,O,O,3687,,True,Unité,App Hand Piec Rechan,NO_DCPT,Aucun Décompte,2025-2026,15
366019.0,SEMENCE COTON DELINTEE,SEMENCE COTON DELINTEE EN SAC DE 15 KG,5000,2012-04-19,0.0,0.0,O,O,O,3660,,True,Sac,Semences,DCPT_UN,décomptes numéro 1,2025-2026,15
368328.0,ALTERNAX EN SACHET DE 470G,ALTERNAX EN SACHET DE 470 G,3400,2014-07-15,0.0,0.0,O,O,O,3683,,True,Sachet,Insecticides,DCPT_DEUX,décomptes numéro 2,2025-2026,15
368769.0,LOGEMENT MOTEUR,LOGEMENT MOTEUR,2100,2012-04-19,0.0,0.0,O,O,O,3687,,True,Unité,App Hand Piec Rechan,NO_DCPT,Aucun Décompte,2025-2026,15
369205.0,BRAS DE ROUE SANS ROUE T27,BRAS DE ROUE SANS ROUE T27,3400,2020-06-02,0.0,0.0,O,O,O,3692,,True,Unité,CHAR T27/MC2 PI RECH,NO_DCPT,Aucun Décompte,2025-2026,15
369426.0,JOUGUET MONOBOEUF EN BOIS,JOUGUET MONOBOEUF EN BOIS,7000,2020-06-02,0.0,0.0,O,O,O,3694,,True,Unité,CORPS SARCLEUR,NO_DCPT,Aucun Décompte,2025-2026,15
369523.0,SELLETTE MONOBOVINE,SELLETTE MONOBOVINE,10500,2020-06-02,0.0,0.0,O,O,O,3695,,True,Unité,Mat transp Piec Rech,NO_DCPT,Aucun Décompte,2025-2026,15
369436.0,TRACEUR A 2 DENTS ASIN,TRACEUR A 2 DENTS ASIN (BARRE ADAPTATEUR+POINTES),4500,2020-06-02,0.0,0.0,O,O,O,3694,,True,Unité,CORPS SARCLEUR,NO_DCPT,Aucun Décompte,2025-2026,15
3681.0,GLYCOTT ULTRA 757 WG,GLYCOTT ULTRA 757 WG EN SACHET DE 260 G,1800,2020-06-02,0.0,0.0,O,O,O,3681,,True,Sachet,Herbicides,DCPT_UN,décomptes numéro 1,2025-2026,15
368008.0,ENGRAIS NPK 13-04-27,ENGRAIS NPK 13-04-27 EN SACS DE 50 KG,340,2015-04-30,0.0,0.0,O,O,O,3680,,True,Kilogramme,Engrais,DCPT_UN,décomptes numéro 1,2025-2026,15
368009.0,ENGRAIS NPK 24-06-12,ENGRAIS NPK 24-06-12 EN SACS DE 50 KG,340,2015-04-30,0.0,0.0,O,O,O,3680,,True,Kilogramme,Engrais,DCPT_UN,décomptes numéro 1,2025-2026,15
368500.0,CYPER TOP POUR ON,CYPER TOP POUR ON,2500,2019-06-01,0.0,0.0,O,O,O,3685,,True,Flacon,Produits Vétérinaire,NO_DCPT,Aucun Décompte,2025-2026,15
368163.0,AFNICOT,AFNICOT,5000,2025-05-28,0.0,0.0,O,O,O,3681,,True,Litre,Herbicides,DCPT_UN,décomptes numéro 1,2025-2026,15
368388.0,RAPAX AS,RAPAX AS,20500,2024-08-09,0.0,0.0,O,O,O,3683,,True,Litre,Insecticides,DCPT_DEUX,décomptes numéro 2,2025-2026,15
368165.0,PALACE 75 WP DE 24 g,PALACE 75 WP DE 24 g,2900,2024-05-30,0.0,0.0,O,O,O,3681,,True,Sachet,Herbicides,DCPT_UN,décomptes numéro 1,2025-2026,15
368390.0,INDOXAN-PRO 350 W,INDOXAN-PRO 350 W,3600,2024-08-09,0.0,0.0,O,O,O,3683,,True,Sachet,Insecticides,DCPT_DEUX,décomptes numéro 2,2025-2026,15
368513.0,VADEPHEN,VADEPHEN,150,2019-09-01,0.0,0.0,O,O,O,3685,,True,Unité,Produits Vétérinaire,NO_DCPT,Aucun Décompte,2025-2026,15
368576.0,DIMINAKEL 1.05G,DIMINAKEL 1?05G,400,2018-10-12,0.0,0.0,O,O,O,3685,,True,Sachet,Produits Vétérinaire,NO_DCPT,Aucun Décompte,2025-2026,15
368207.0,APRON STAR 40 WS,APRON STAR 40 WS EN SACHET DE 10 G,500,2017-04-25,0.0,0.0,O,O,O,3682,,True,Sachet,prod traitsem,DCPT_UN,décomptes numéro 1,2025-2026,15
368208.0,CALTHIO E 60 G,CALTHIO E 60 G,400,2012-04-19,0.0,0.0,O,O,O,3682,,True,Sachet,prod traitsem,DCPT_UN,décomptes numéro 1,2025-2026,15
369208.0,MANCHERON DROIT T27 102-19,MANCHERON DROIT T27 102-19,3500,2020-06-02,0.0,0.0,O,O,O,3692,,True,Unité,CHAR T27/MC2 PI RECH,NO_DCPT,Aucun Décompte,2025-2026,15
368346.0,ALMECTINE 20 EC,ALMECTINE 20 EC,35000,2017-08-01,0.0,0.0,O,O,O,3683,,True,Litre,Insecticides,DCPT_DEUX,décomptes numéro 2,2025-2026,15
368345.0,CORAGEN 20 SC,CORAGEN 20 SC,48000,2024-08-09,0.0,0.0,O,O,O,3683,,True,Litre,Insecticides,DCPT_DEUX,décomptes numéro 2,2025-2026,15
368350.0,COBRA 120 EC,COBRA 120 EC,28800,2024-08-09,0.0,0.0,O,O,O,3683,,True,Litre,Insecticides,DCPT_DEUX,décomptes numéro 2,2025-2026,15
368352.0,AMSAC 150 EC,AMSAC 150 EC,41180,2017-08-01,0.0,0.0,O,O,O,3683,,True,Litre,Insecticides,DCPT_DEUX,décomptes numéro 2,2025-2026,15
368351.0,TROFORT 400 EC,TROFORT 400 EC,6600,2016-08-09,0.0,0.0,O,O,O,3683,,True,Litre,Insecticides,DCPT_DEUX,décomptes numéro 2,2025-2026,15
368142.0,POWER 80 DF,POWER 80 DF EN SACHET DE 225 g,1200,2025-05-28,0.0,0.0,O,O,O,3681,,True,Sachet,Herbicides,DCPT_UN,décomptes numéro 1,2025-2026,15
368143.0,BUFFALO 80 DF,BUFFALO 80 DF EN SACHET DE 225 g,1500,2024-05-30,0.0,0.0,O,O,O,3681,,True,Sachet,Herbicides,DCPT_UN,décomptes numéro 1,2025-2026,15
368145.0,MIYIDIMA,MIYIDIMA EN BIDON DE 900 ml,5500,2025-05-28,0.0,0.0,O,O,O,3681,,True,Bidon,Herbicides,DCPT_UN,décomptes numéro 1,2025-2026,15
368641.0,BOUTEILLE BETTIX,BOUTEILLE BETTIX,1200,2023-07-25,0.0,0.0,O,O,O,3686,,True,Unité,Instruments Vétérina,DCPT_DEUX,décomptes numéro 2,2025-2026,15
368705.0,RIVET LONG REF.3457,RIVET LONG REF.3457,450,2012-04-19,0.0,0.0,O,O,O,3687,,True,Unité,App Hand Piec Rechan,NO_DCPT,Aucun Décompte,2025-2026,15
368707.0,PLAQUE FIXATION MANCHON,PLAQUE FIXATION MANCHON,900,2012-04-19,0.0,0.0,O,O,O,3687,,True,Unité,App Hand Piec Rechan,NO_DCPT,Aucun Décompte,2025-2026,15
368713.0,MANCHON D'ETANCHEITE REF.4373,MANCHON D'ETANCHEITE REF.4373,900,2012-04-19,0.0,0.0,O,O,O,3687,,True,Unité,App Hand Piec Rechan,NO_DCPT,Aucun Décompte,2025-2026,15
368719.0,RESSORT LOGEMENT PILES,RESSORT LOGEMENT PILES,300,2012-04-19,0.0,0.0,O,O,O,3687,,True,Unité,App Hand Piec Rechan,NO_DCPT,Aucun Décompte,2025-2026,15
368721.0,"RONDELLE 1/4"" REF.3168","RONDELLE 1/4"" REF.3168",10,2012-04-19,0.0,0.0,O,O,O,3687,,True,Unité,App Hand Piec Rechan,NO_DCPT,Aucun Décompte,2025-2026,15
368852.0,ECROU DE CONNECTION REF.5776B,ECROU DE CONNECTION REF.5776B,1700,2012-04-19,0.0,0.0,O,O,O,3688,,True,Unité,App Ulv Piec Rechang,NO_DCPT,Aucun Décompte,2025-2026,15
369409.0,BOULON POINTE DENT 10 X 40,BOULON POINTE DENT 10 X 40,200,2012-04-19,0.0,0.0,O,O,O,3694,,True,Unité,CORPS SARCLEUR,NO_DCPT,Aucun Décompte,2025-2026,15
368222.0,IMIDALM,IMIDALM T 450 WS EN SACHET DE 50 G,500,2024-05-30,0.0,0.0,O,O,O,3682,,True,Sachet,prod traitsem,DCPT_UN,décomptes numéro 1,2025-2026,15
369423.0,ADAPTATEUR AV. CORPS SARCLEUR,ADAPTATEUR AV. CORPS SARCLEUR,5800,2020-06-02,0.0,0.0,O,O,O,3694,,True,Unité,CORPS SARCLEUR,NO_DCPT,Aucun Décompte,2025-2026,15
369524.0,ROUE COMPLETE CHARRETTE BOVINE,ROUE COMPLETE CHARRETTE BOVINE,35000,2020-06-02,0.0,0.0,O,O,O,3695,,True,Unité,Mat transp Piec Rech,NO_DCPT,Aucun Décompte,2025-2026,15
369525.0,CHARRETTE BOVINE MODIFIEE,CHARRETTE BOVINE MODIFIEE COULEUR JAUNE,249000,2020-06-02,0.0,0.0,O,O,O,3695,,True,Unité,Mat transp Piec Rech,NO_DCPT,Aucun Décompte,2025-2026,15
369526.0,JEU DE 2 ECHELETTES FERMEES,JEU DE 2 ECHELETTES FERMEES,35000,2020-06-02,0.0,0.0,O,O,O,3695,,True,Jeu,Mat transp Piec Rech,NO_DCPT,Aucun Décompte,2025-2026,15
369527.0,JEU DE 2 RIDELLES FERMEES,JEU DE 2 RIDELLES FERMEES,45000,2020-06-02,0.0,0.0,O,O,O,3695,,True,Jeu,Mat transp Piec Rech,NO_DCPT,Aucun Décompte,2025-2026,15
368022.0,ENGRAIS PLANUT,ENGRAIS PLANUT 14 23 14,520,2024-05-30,0.0,0.0,O,O,O,3680,,True,Kilogramme,Engrais,DCPT_UN,décomptes numéro 1,2025-2026,15
368150.0,CLEANFARM 250G,CLEANFARM 250G,1250,2020-06-02,0.0,0.0,O,O,O,3681,,True,Sachet,Herbicides,DCPT_UN,décomptes numéro 1,2025-2026,15
368159.0,PIRHANA 757 WSG,PIRHANA 757 WSG,1350,2024-05-30,0.0,0.0,O,O,O,3681,,True,Sachet,Herbicides,DCPT_UN,décomptes numéro 1,2025-2026,15
213001.0,NUTRIBET (SAC DE 60 KG),NUTRIBET EN SAC DE 60 KGS,6500,2020-09-07,0.0,0.0,O,O,O,2130,,True,Sac,Nutribet,NO_DCPT,Aucun Décompte,2025-2026,15
366007.0,SEMENCES COTON EN SAC DE 40 KG,SEMENCES COTON EN SAC DE 40 KGS,5000,2012-04-19,0.0,0.0,O,O,O,3660,,True,Sac,Semences,DCPT_UN,décomptes numéro 1,2025-2026,15
369101.0,CHARRUE T34,CHARRUE BOVINE T34/MC3,65000,2024-11-05,0.0,0.0,O,O,O,3691,,True,Unité,CHAR T34/MC3 PI RECH,NO_DCPT,Aucun Décompte,2025-2026,15
369301.0,CHARRUE ASINE T20,CHARRUE ASINE T20 AVEC 1 CHAINE ET 2 CLES,35000,2022-11-01,0.0,0.0,O,O,O,3693,,True,Unité,CHAR T20/MC1 PI RECH,NO_DCPT,Aucun Décompte,2025-2026,15
369417.0,CORPS SARCLEUR T20,CORPS SARCLEUR COMPLET POUR CHARRUE T20 AVEC BRAS E ROUE DE T27,35000,2020-06-02,0.0,0.0,O,O,O,3694,,True,Unité,CORPS SARCLEUR,NO_DCPT,Aucun Décompte,2025-2026,15
369514.0,CHARRETTE BOVINE MODELE TCHAD,CHARETTE BOVINE MODELE TCHAD PLATEAI EN TOLE. BEQUILLE-2 RIDELLES-2 ECHELETTES-CLE DE ROUE,355000,2024-11-05,0.0,0.0,O,O,O,3695,,True,Unité,Mat transp Piec Rech,NO_DCPT,Aucun Décompte,2025-2026,15
369502.0,JEU DE 2 ECHELETTES,JEU DE 2 ECHELETTES AVANT ET ARRIERE CHARRETTE BOVINE,30000,2022-11-01,0.0,0.0,O,O,O,3695,,True,Jeu,Mat transp Piec Rech,NO_DCPT,Aucun Décompte,2025-2026,15
369501.0,CHARRETTE BOVINE MODELE TCHAD,CHARETTE BOVINE MODELE TCHAD AVEC RIDELLES ET 2 ECHELLETTES,325000,2024-11-05,0.0,0.0,O,O,O,3695,,True,Unité,Mat transp Piec Rech,NO_DCPT,Aucun Décompte,2025-2026,15
369425.0,ENSEMBLE SARCLEUR,ENSEMBLE SARCLEUR,45000,2022-11-01,0.0,0.0,O,O,O,3694,,True,Unité,CORPS SARCLEUR,NO_DCPT,Aucun Décompte,2025-2026,15
369410.0,CORPS BUTEUR BILLONNEUR,CORPS BUTEUR BILLONNEUR SANS CL2 ET SANS BOULON,35000,2023-11-01,0.0,0.0,O,O,O,3694,,True,Unité,CORPS SARCLEUR,NO_DCPT,Aucun Décompte,2025-2026,15
369509.0,POUSSE POUSSE N° 1 P M,POUSSE POUSSE N° 1 PETIT MODELE AVEC ACCESSOIRES,75000,2022-11-01,0.0,0.0,O,O,O,3695,,True,Unité,Mat transp Piec Rech,NO_DCPT,Aucun Décompte,2025-2026,15
369503.0,POUSE POUSSE N° 2 G M,POUSSE POUSSE COMPLET N°2 GRAND MODELE AVEC ACCESSOIRES,78000,2022-11-01,0.0,0.0,O,O,O,3695,,True,Unité,Mat transp Piec Rech,NO_DCPT,Aucun Décompte,2025-2026,15
368001.0,ENGRAIS  NPK SB 15-20-15-6-1,ENGRAIS NPK SB 15-20-15-6-1  SAC DE 50KGS,340,2015-04-30,0.0,0.0,O,O,O,3680,,True,Kilogramme,Engrais,DCPT_UN,décomptes numéro 1,2025-2026,15
368002.0,ENGRAIS 22-10-15-1,ENGRAIS 22-10-15-1 SAC DE 50KGS - COTON,480,2024-05-13,0.0,0.0,O,O,O,3680,,True,Kilogramme,Engrais,DCPT_UN,décomptes numéro 1,2025-2026,15
368003.0,UREE EN SAC DE 50KGS,UREE EN SAC DE 50KGS,440,2025-06-05,0.0,0.0,O,O,O,3680,,True,Kilogramme,Engrais,DCPT_UN,décomptes numéro 1,2025-2026,15
368005.0,SULFATE DE ZINC EN SACHET,SULFATE DE ZINC EN SACHET,1300,2025-07-18,0.0,0.0,O,O,O,3680,,True,Sachet,Engrais,DCPT_UN,décomptes numéro 1,2025-2026,15
368101.0,GRAMOXONE SUPER,GRAMOXONE SUPER,2000,2018-04-18,0.0,0.0,O,O,O,3681,,True,Litre,Herbicides,DCPT_UN,décomptes numéro 1,2025-2026,15
368102.0,ROUNDUP BIOSEC 680G GRANULE,ROUNDUP BIOSEC 680G GRANULE EN SACHET de 260G,1250,2017-04-25,0.0,0.0,O,O,O,3681,,True,Sachet,Herbicides,DCPT_UN,décomptes numéro 1,2025-2026,15
368103.0,DIURON 800 DF,DIURON 800 DF EN SACHET DE 225G,1500,2024-05-30,0.0,0.0,O,O,O,3681,,True,Sachet,Herbicides,DCPT_UN,décomptes numéro 1,2025-2026,15
368104.0,DIURON 800 DF,DIURON 800 DF EN SACHET DE 170G,1200,2024-05-30,0.0,0.0,O,O,O,3681,,True,Sachet,Herbicides,DCPT_UN,décomptes numéro 1,2025-2026,15
368106.0,GESAPRIM 90 WG,GESAPRIM 90 WG EN SACHET DE 225G,1100,2016-05-10,0.0,0.0,O,O,O,3681,,True,Sachet,Herbicides,DCPT_UN,décomptes numéro 1,2025-2026,15
368107.0,ATRALM 90 WG (ATRAZINE),ATRALM 90 WG (ATRAZINE) EN SACHET DE 225G,1250,2025-05-28,0.0,0.0,O,O,O,3681,,True,Sachet,Herbicides,DCPT_UN,décomptes numéro 1,2025-2026,15
368109.0,KALACH EXTRA 70 WG EN SACHET,KALACH EXTRA 70 WG EN SACHET DE 250G,1200,2025-05-28,0.0,0.0,O,O,O,3681,,True,Sachet,Herbicides,DCPT_UN,décomptes numéro 1,2025-2026,15
368110.0,TEMPRA 90 WG (DIURON),TEMPRA 90 WG (DIURON) EN SACHET DE 200 G,1150,2012-04-19,0.0,0.0,O,O,O,3681,,True,Sachet,Herbicides,DCPT_UN,décomptes numéro 1,2025-2026,15
368111.0,CALLITRAZ 90 WG (ATRAZINE),CALLITRAZ 90 WG (ATRAZINE) EN SACHET DE 225 G,1250,2025-05-28,0.0,0.0,O,O,O,3681,,True,Sachet,Herbicides,DCPT_UN,décomptes numéro 1,2025-2026,15
368112.0,DIURON 80 WG (DIURALM),DIURON 80 WG (DIURALM) EN SACHET DE 225G,1150,2012-04-19,0.0,0.0,O,O,O,3681,,True,Sachet,Herbicides,DCPT_UN,décomptes numéro 1,2025-2026,15
368113.0,GLYPHALM 500WSG,GLYPHALM 500 WSG,1200,2025-05-28,0.0,0.0,O,O,O,3681,,True,Sachet,Herbicides,DCPT_UN,décomptes numéro 1,2025-2026,15
368114.0,PENCAL 500 EC,PENCAL 500 EC 500G/L DE PENDIMETHALINE),2000,2024-05-30,0.0,0.0,O,O,O,3681,,True,Litre,Herbicides,DCPT_UN,décomptes numéro 1,2025-2026,15
368115.0,ALMOXONE (200G/L DE PARAQUAT),ALMOXONE (200G/L DE PARAQUAT),2000,2012-04-19,0.0,0.0,O,O,O,3681,,True,Litre,Herbicides,DCPT_UN,décomptes numéro 1,2025-2026,15
368201.0,THIORAL 60G OU EQUIVALENT,THIORAL 60G OU EQUIVALENT,400,2012-04-19,0.0,0.0,O,O,O,3682,,True,Sachet,prod traitsem,DCPT_UN,décomptes numéro 1,2025-2026,15
368202.0,K OTHRINE / K OBIOL 40G,K OTHRINE/K OBIOL 40G,200,2012-04-19,0.0,0.0,O,O,O,3682,,True,Sachet,prod traitsem,DCPT_UN,décomptes numéro 1,2025-2026,15
368203.0,TERMITOX 50G,TERMITOX 50G,350,2020-06-02,0.0,0.0,O,O,O,3682,,True,Sachet,prod traitsem,DCPT_UN,décomptes numéro 1,2025-2026,15
368204.0,MARSHALL 35 ST,MARSHALL 35 ST,600,2012-04-19,0.0,0.0,O,O,O,3682,,True,Sachet,prod traitsem,DCPT_UN,décomptes numéro 1,2025-2026,15
368205.0,PRODUIT PR TRAITEMENT SEMENCES,PRODUIT PR TRAITEMENT SEMENCES,13000,2012-04-19,0.0,0.0,O,O,O,3682,,True,Sachet,prod traitsem,DCPT_UN,décomptes numéro 1,2025-2026,15
368206.0,ONCOL 35 DS EN SACHET DE 40G,ONCOL 35 DS EN SACHET DE 40G,600,2012-04-19,0.0,0.0,O,O,O,3682,,True,Sachet,prod traitsem,DCPT_UN,décomptes numéro 1,2025-2026,15
368212.0,PROCOT DS,PROCOT DS EN SACHET DE 50G,500,2017-04-25,0.0,0.0,O,O,O,3682,,True,Sachet,prod traitsem,DCPT_UN,décomptes numéro 1,2025-2026,15
368213.0,CAIMAN ROUGE,CAIMAN ROUGE (PRODUIT DE TRAITEMENT SEMENCE) EN 50G,400,2014-04-15,0.0,0.0,O,O,O,3682,,True,Sachet,prod traitsem,DCPT_UN,décomptes numéro 1,2025-2026,15
368214.0,GENERAL 35 DS,GENERAL 35 DS EN SACHET DE 40G,600,2014-04-15,0.0,0.0,O,O,O,3682,,True,Sachet,prod traitsem,DCPT_UN,décomptes numéro 1,2025-2026,15
368301.0,CALLIX 50 (50G/L DE MEPIQUAT),CALLIX 50 (50G/L DE CHLORURE DE MEPIQUAT),2500,2017-07-01,0.0,0.0,O,O,O,3683,,True,Litre,Insecticides,DCPT_DEUX,décomptes numéro 2,2025-2026,15
368162.0,ATRAMAIS 225 G,ATRAMAIS 225 G,1250,2025-05-28,0.0,0.0,O,O,O,3681,,True,Sachet,Herbicides,DCPT_UN,décomptes numéro 1,2025-2026,15
368302.0,THIONEX 50 EC,THIONEX 50 EC OPCC-GIE,4300,2012-04-19,0.0,0.0,O,O,O,3683,,True,Litre,Insecticides,DCPT_DEUX,décomptes numéro 2,2025-2026,15
368303.0,CYPERCAL 200 CE,CYPERCAL 200 CE,3400,2016-08-09,0.0,0.0,O,O,O,3683,,True,Litre,Insecticides,DCPT_DEUX,décomptes numéro 2,2025-2026,15
368305.0,CIGOGNE 200 EC,CIGOGNE 200 EC,5890,2013-04-19,0.0,0.0,O,O,O,3683,,True,Litre,Insecticides,DCPT_DEUX,décomptes numéro 2,2025-2026,15
368306.0,CYPALM 200 EC,CYPALM 200 EC,3400,2019-09-05,0.0,0.0,O,O,O,3683,,True,Litre,Insecticides,DCPT_DEUX,décomptes numéro 2,2025-2026,15
368307.0,PROFENALM 500 EC,PROFENALM 500 EC,8300,2016-08-09,0.0,0.0,O,O,O,3683,,True,Litre,Insecticides,DCPT_DEUX,décomptes numéro 2,2025-2026,15
368355.0,EMACOT 50 WG,EMACOT 50 (EN SACHETS DE 120 g),3600,2024-08-09,0.0,0.0,O,O,O,3683,,True,Sachet,Insecticides,DCPT_DEUX,décomptes numéro 2,2025-2026,15
368312.0,MATADOR 80,MATADOR 80 EN 1L,4300,2012-04-19,0.0,0.0,O,O,O,3683,,True,Litre,Insecticides,DCPT_DEUX,décomptes numéro 2,2025-2026,15
368401.0,PILES ELECTRIQUES (PILCAM),PILES ELECTRIQUES (PILCAM),200,2024-08-09,0.0,0.0,O,O,O,3684,,True,Unité,Piles,DCPT_DEUX,décomptes numéro 2,2025-2026,15
368339.0,CAIMAN B50 WG EN SACHET DE 80G,CAIMAN B50 WG EN SACHET DE 80G,2150,2012-04-19,0.0,0.0,O,O,O,3683,,True,Sachet,Insecticides,DCPT_DEUX,décomptes numéro 2,2025-2026,15
368340.0,CAIMAN B 50WG EN SACHET DE 100,CAIMAN B 50WG EN SACHET DE 100,2150,2012-04-19,0.0,0.0,O,O,O,3683,,True,Sachet,Insecticides,DCPT_DEUX,décomptes numéro 2,2025-2026,15
368128.0,PLANTOP ULTRA 757,PLANTOP ULTRA 757 EN SACHET DE 260 G,1400,2022-05-19,0.0,0.0,O,O,O,3681,,True,Sachet,Herbicides,DCPT_UN,décomptes numéro 1,2025-2026,15
368338.0,CYPALM 360 EC,CYPALM 360 EC,6100,2020-08-18,0.0,0.0,O,O,O,3683,,True,Litre,Insecticides,DCPT_DEUX,décomptes numéro 2,2025-2026,15
368133.0,DINO 800 WG,DINO 800 WG EN SACHET DE 225 G,1200,2025-05-28,0.0,0.0,O,O,O,3681,,True,Sachet,Herbicides,DCPT_UN,décomptes numéro 1,2025-2026,15
368134.0,DINO 800 WG,DINO 800 WG EN SACHET DE 170 G,1200,2024-05-30,0.0,0.0,O,O,O,3681,,True,Sachet,Herbicides,DCPT_UN,décomptes numéro 1,2025-2026,15
368123.0,ALIGATOR,ALIGATOR,3000,2024-05-30,0.0,0.0,O,O,O,3681,,True,Litre,Herbicides,DCPT_UN,décomptes numéro 1,2025-2026,15
368124.0,GALLANT SUPER,GALLANT SUPER,13000,2012-04-19,0.0,0.0,O,O,O,3681,,True,Litre,Herbicides,DCPT_UN,décomptes numéro 1,2025-2026,15
368377.0,EMACOT PRO EN SACHET  20G,EMACOT PRO EN SACHET DE 20G,3600,2024-08-09,0.0,0.0,O,O,O,3683,,True,Sachet,Insecticides,DCPT_DEUX,décomptes numéro 2,2025-2026,15
368378.0,MEPRO SL 250 G/L,MEPRO SL 250 G/L,15000,2024-08-09,0.0,0.0,O,O,O,3683,,True,Litre,Insecticides,DCPT_DEUX,décomptes numéro 2,2025-2026,15
369302.0,MANCHERON T20 103-06,MANCHERON T20 103-06,7200,2020-06-02,0.0,0.0,O,O,O,3693,,True,Unité,CHAR T20/MC1 PI RECH,NO_DCPT,Aucun Décompte,2025-2026,15
369303.0,VERSOIR T20 103-02,VERSOIR T20 103-02,3600,2020-06-02,0.0,0.0,O,O,O,3693,,True,Unité,CHAR T20/MC1 PI RECH,NO_DCPT,Aucun Décompte,2025-2026,15
369304.0,SOC T20 103-03,SOC T20 103-03,3000,2020-06-02,0.0,0.0,O,O,O,3693,,True,Unité,CHAR T20/MC1 PI RECH,NO_DCPT,Aucun Décompte,2025-2026,15
369305.0,REGULATEUR CROCHET T20,REGULATEUR CROCHET T20,3400,2020-06-02,0.0,0.0,O,O,O,3693,,True,Unité,CHAR T20/MC1 PI RECH,NO_DCPT,Aucun Décompte,2025-2026,15
369306.0,CONTRESEP T20,CONTRESEP T20,2000,2020-06-02,0.0,0.0,O,O,O,3693,,True,Unité,CHAR T20/MC1 PI RECH,NO_DCPT,Aucun Décompte,2025-2026,15
369602.0,PEINTURE ROUGE VIF EN 1 KG,PEINTURE ROUGE VIF EN 1 KG,3750,2023-07-25,0.0,0.0,O,O,O,3696,,True,Unité,Divers,DCPT_DEUX,décomptes numéro 2,2025-2026,15
369603.0,POT DE PEINTURE BLEUE  DE 5 KG,POT DE PEINTURE BLEUE DE 5 KG,15000,2017-08-28,0.0,0.0,O,O,O,3696,,True,Unité,Divers,DCPT_DEUX,décomptes numéro 2,2025-2026,15
369604.0,PEINTURE ROUGE EN POT DE 100G,PEINTURE ROUGE EN POT DE 100G,1000,2023-07-25,0.0,0.0,O,O,O,3696,,True,pot,Divers,DCPT_DEUX,décomptes numéro 2,2025-2026,15
369606.0,SAC PP 100*60 AVEC DOUBLURE,SAC PP DIMENSION 100*60 AVEC DOUBLURE,300,2020-06-02,0.0,0.0,O,O,O,3696,,True,Unité,Divers,DCPT_DEUX,décomptes numéro 2,2025-2026,15
369612.0,MACHETTE,MACHETTE,2600,2020-06-02,0.0,0.0,O,O,O,3696,,True,Unité,Divers,DCPT_DEUX,décomptes numéro 2,2025-2026,15
369613.0,ENSEMBLE OUT. FUMURE ORGANIQUE,ENSEMBLE OUTILLAGE FUMURE ORGANIQUE,11500,2020-06-02,0.0,0.0,O,O,O,3696,,True,Unité,Divers,DCPT_DEUX,décomptes numéro 2,2025-2026,15
369614.0,PINCEAU PLAT DE 20,PINCEAU PLAT DE 20,250,2016-08-09,0.0,0.0,O,O,O,3696,,True,Unité,Divers,DCPT_DEUX,décomptes numéro 2,2025-2026,15
369615.0,ENTONNOIR,ENTONNOIR,350,2024-08-09,0.0,0.0,O,O,O,3696,,True,Unité,Divers,DCPT_DEUX,décomptes numéro 2,2025-2026,15
368771.0,FIL SIMPLE DE CABLAGE ROUGE,FIL SIMPLE DE CABLAGE ROUGE,300,2012-04-19,0.0,0.0,O,O,O,3687,,True,Metre,App Hand Piec Rechan,NO_DCPT,Aucun Décompte,2025-2026,15
368772.0,FIL SIMPLE DE CABLAGE NOIR,FIL SIMPLE DE CABLAGE NOIR,300,2012-04-19,0.0,0.0,O,O,O,3687,,True,Metre,App Hand Piec Rechan,NO_DCPT,Aucun Décompte,2025-2026,15
368007.0,ENGRAIS 22-10-15-5-0,ENGRAIS 22-10-15-5-0 SAC DE 50KGS - VIVRIERS,340,2016-05-10,0.0,0.0,O,O,O,3680,,True,Kilogramme,Engrais,DCPT_UN,décomptes numéro 1,2025-2026,15
368120.0,SUPRAXONE,SUPRAXONE,2000,2012-04-19,0.0,0.0,O,O,O,3681,,True,Litre,Herbicides,DCPT_UN,décomptes numéro 1,2025-2026,15
368118.0,ACTION 80 DF,ACTION 80 DF EN SACHET DE 225 G,1200,2025-05-28,0.0,0.0,O,O,O,3681,,True,Sachet,Herbicides,DCPT_UN,décomptes numéro 1,2025-2026,15
368119.0,ACTION 80 DF,ACTION 80 DF EN SACHET DE 170G,1000,2025-05-28,0.0,0.0,O,O,O,3681,,True,Sachet,Herbicides,DCPT_UN,décomptes numéro 1,2025-2026,15
368126.0,ATRAZINE 90 WG,ATRAZINE 90 WG EN SCHET DE 225G,1100,2014-04-15,0.0,0.0,O,O,O,3681,,True,Sachet,Herbicides,DCPT_UN,décomptes numéro 1,2025-2026,15
368122.0,HERBIMAIS EN SACHET DE 250G,HERBIMAIS EN SACHET DE 250G,2500,2024-05-30,0.0,0.0,O,O,O,3681,,True,Sachet,Herbicides,DCPT_UN,décomptes numéro 1,2025-2026,15
368216.0,CALTHIO C 50G,CALTHIO C 50G,500,2024-05-30,0.0,0.0,O,O,O,3682,,True,Sachet,prod traitsem,DCPT_UN,décomptes numéro 1,2025-2026,15
368217.0,DELTAMETHRINE 2 PP,DELTAMETHRINE 2 PP 1000 EN SACHET DE 100G,200,2012-04-19,0.0,0.0,O,O,O,3682,,True,Sachet,prod traitsem,DCPT_UN,décomptes numéro 1,2025-2026,15
368313.0,KRISS 100 SL,KRISS 100 SL,5000,2019-09-05,0.0,0.0,O,O,O,3683,,True,Litre,Insecticides,DCPT_DEUX,décomptes numéro 2,2025-2026,15
368321.0,AVAUNT EN SACHET 85ML,AVAUNT EN SACHET DE 85 ML,3300,2018-08-08,0.0,0.0,O,O,O,3683,,True,Sachet,Insecticides,DCPT_DEUX,décomptes numéro 2,2025-2026,15
368322.0,PROFENALM 720 EC,PROFENALM 720 EC,11950,2016-08-09,0.0,0.0,O,O,O,3683,,True,Litre,Insecticides,DCPT_DEUX,décomptes numéro 2,2025-2026,15
368323.0,CALIFE 500 EC,CALIFE 500 EC,17400,2014-07-15,0.0,0.0,O,O,O,3683,,True,Litre,Insecticides,DCPT_DEUX,décomptes numéro 2,2025-2026,15
368324.0,CYGA 250 EC,CYGA 250 EC,4250,2016-08-09,0.0,0.0,O,O,O,3683,,True,Litre,Insecticides,DCPT_DEUX,décomptes numéro 2,2025-2026,15
368326.0,BENJI 80 SL,BENJI 80 SL,4000,2016-08-09,0.0,0.0,O,O,O,3683,,True,Litre,Insecticides,DCPT_DEUX,décomptes numéro 2,2025-2026,15
367001.0,SEMENCES BRACHARIA RUZIZEN,SEMENCES BRACHARIA EN SACHETS DE 400 GR,200,2013-03-04,0.0,0.0,O,O,O,3670,,True,Sachet,Semences PLANTE COUV,DCPT_UN,décomptes numéro 1,2025-2026,15
368139.0,CODAL GOLD,CODAL GOLD EN LITRES,4000,2025-05-28,0.0,0.0,O,O,O,3681,,True,Litre,Herbicides,DCPT_UN,décomptes numéro 1,2025-2026,15
368140.0,NICOMAÏS,NICOMAÏS EN LITRE,5000,2025-05-28,0.0,0.0,O,O,O,3681,,True,Litre,Herbicides,DCPT_UN,décomptes numéro 1,2025-2026,15
368018.0,ENGRAIS 23.10.05.35,ENGRAIS YARA 23.10.05.35 EN SACS DE 25 KG,520,2024-05-30,0.0,0.0,O,O,O,3680,,True,Kilogramme,Engrais,DCPT_UN,décomptes numéro 1,2025-2026,15
367007.0,SEMENCE  CROTALAIRE RETUSA,SEMENCE CROTALAIRE RETUSA EN SACHET DE 2.5 KG,125,2013-04-03,0.0,0.0,O,O,O,3670,,True,Sachet,Semences PLANTE COUV,DCPT_UN,décomptes numéro 1,2025-2026,15
367003.0,SEMENCES BRACHARIA RUZIZIENSIS,SEMENCES BRACHARIA RUZIZIENSIS EN SACHET DE 2KG,1000,2013-04-03,0.0,0.0,O,O,O,3670,,True,Sachet,Semences PLANTE COUV,DCPT_UN,décomptes numéro 1,2025-2026,15
367002.0,SEMENCE DE BRACHARIA RUZIZIENSIS EN SACHET,SEMENCE DE BRACHARIA RUZIZIENSIS EN SACHET DE 600 GR,300,2013-04-03,0.0,0.0,O,O,O,3670,,True,Sachet,Semences PLANTE COUV,DCPT_UN,décomptes numéro 1,2025-2026,15
367004.0,SEMENCE DE BRACHARIA RUZIZIENSIS,SEMENCE DE BRACHARIA RUZIZIENSIS EN SACHET DE 3 KG,1500,2013-04-03,0.0,0.0,O,O,O,3670,,True,Sachet,Semences PLANTE COUV,DCPT_UN,décomptes numéro 1,2025-2026,15
367005.0,SEMENCE DE CROTALIRE JUNCEA,SEMENCE DE CROTALAIRE JUNCEA EN SACHET DE 2 KG,500,2013-04-03,0.0,0.0,O,O,O,3670,,True,Sachet,Semences PLANTE COUV,DCPT_UN,décomptes numéro 1,2025-2026,15
368739.0,MOTEUR HERBI 4 TETE VERTE,MOTEUR HERBI 4 TETE VERTE,6050,2012-04-19,0.0,0.0,O,O,O,3687,,True,Unité,App Hand Piec Rechan,NO_DCPT,Aucun Décompte,2025-2026,15
368741.0,JOINT POUR TETE VERTE REF.5455,JOINT POUR TETE VERTE REF.5455,125,2012-04-19,0.0,0.0,O,O,O,3687,,True,Unité,App Hand Piec Rechan,NO_DCPT,Aucun Décompte,2025-2026,15
368742.0,VIS REF.5399,VIS REF.5399,50,2012-04-19,0.0,0.0,O,O,O,3687,,True,Unité,App Hand Piec Rechan,NO_DCPT,Aucun Décompte,2025-2026,15
368745.0,BUSE ORANGE REF.5040,BUSE ORANGE REF.5040,850,2012-04-19,0.0,0.0,O,O,O,3687,,True,Unité,App Hand Piec Rechan,NO_DCPT,Aucun Décompte,2025-2026,15
368747.0,DISQUE REF.5021,DISQUE REF.5021,3500,2012-04-19,0.0,0.0,O,O,O,3687,,True,Unité,App Hand Piec Rechan,NO_DCPT,Aucun Décompte,2025-2026,15
368748.0,AXE POUR TETE VERTE,AXE POUR TETE VERTE,1200,2012-04-19,0.0,0.0,O,O,O,3687,,True,Unité,App Hand Piec Rechan,NO_DCPT,Aucun Décompte,2025-2026,15
368749.0,BIDON HANDY REF.6167,BIDON HANDY REF.6167,5400,2012-04-19,0.0,0.0,O,O,O,3687,,True,Bidon,App Hand Piec Rechan,NO_DCPT,Aucun Décompte,2025-2026,15
368750.0,"VIS NP6 X  3/8"" ST REF.4646","VIS NP6 X  3/8"" ST REF.4646",30,2012-04-19,0.0,0.0,O,O,O,3687,,True,Unité,App Hand Piec Rechan,NO_DCPT,Aucun Décompte,2025-2026,15
368762.0,TUYAU PRISE D'AIR REF.,TUYAU PRISE D'AIR REF.,400,2012-04-19,0.0,0.0,O,O,O,3687,,True,Unité,App Hand Piec Rechan,NO_DCPT,Aucun Décompte,2025-2026,15
368766.0,COLLIER DE SERRAGE REF.6126,COLLIER DE SERRAGE REF.6126,1500,2012-04-19,0.0,0.0,O,O,O,3687,,True,Unité,App Hand Piec Rechan,NO_DCPT,Aucun Décompte,2025-2026,15
368598.0,AVIVAX 100 DOSES,AVIVAX 100 DOSES,3500,2012-01-01,0.0,0.0,O,O,O,3685,,True,Flacon,Produits Vétérinaire,NO_DCPT,Aucun Décompte,2025-2026,15
368857.0,INTERRUPTEUR COMPLET REF.5391A,INTERRUPTEUR COMPLET REF.5391A,2100,2012-04-19,0.0,0.0,O,O,O,3688,,True,Unité,App Ulv Piec Rechang,NO_DCPT,Aucun Décompte,2025-2026,15
211001.0,ALIBET (SAC DE 60 KG),ALIBET EN SAC DE 60 KG,8855,2025-12-29,0.0,0.0,O,O,O,2110,,True,Sac,Alibet,NO_DCPT,Aucun Décompte,2025-2026,15
368174.0,LADABA 480 EN BIDON DE 1 L,LADABA 480 EN BIDON DE 1 L,2500,2025-05-28,0.0,0.0,O,O,O,3681,,True,Litre,Herbicides,DCPT_UN,décomptes numéro 1,2025-2026,15
368176.0,PROMETON,PROMETON,4000,2025-05-28,0.0,0.0,O,O,O,3681,,True,Litre,Herbicides,DCPT_UN,décomptes numéro 1,2025-2026,15
368172.0,BLADE 108 EC EN BIDON DE 900 ML,BLADE 108 EC EN BIDON DE 900 ML,5500,2024-05-30,0.0,0.0,O,O,O,3681,,True,Bidon,Herbicides,DCPT_UN,décomptes numéro 1,2025-2026,15
368175.0,SPYRIT 350 EN SACHET DE 35 G,SPYRIT 350 EN SACHET DE 35 G,2900,2024-05-30,0.0,0.0,O,O,O,3681,,True,Sachet,Herbicides,DCPT_UN,décomptes numéro 1,2025-2026,15
368173.0,JAVAT 50 WP EN SACHET DE 35 G,JAVAT 50 WP EN SACHET DE 35 G,2900,2024-05-30,0.0,0.0,O,O,O,3681,,True,Sachet,Herbicides,DCPT_UN,décomptes numéro 1,2025-2026,15
368171.0,"SCHIIF 75 WG EN SACHET DE 3,75","SCHIIF 75 WG EN SACHET DE 3,75",1500,2024-05-30,0.0,0.0,O,O,O,3681,,True,Sachet,Herbicides,DCPT_UN,décomptes numéro 1,2025-2026,15
368108.0,PENDIMETHALINE 500/STOMP 500,"SCHIIF 75 WG EN SACHET DE 3,75",2000,2024-06-03,0.0,0.0,O,O,O,3681,,True,Litre,Herbicides,DCPT_UN,décomptes numéro 1,2025-2026,15
368597.0,TETRACOLOVIT,TETRACOLIVIT,50,2012-01-01,0.0,0.0,O,O,O,3685,,True,Com,Produits Vétérinaire,NO_DCPT,Aucun Décompte,2025-2026,15
368629.0,SEINGUE 20CC BOVIVET,SERINGUE 20 CC BOVIVET,3000,2012-01-01,0.0,0.0,O,O,O,3686,,True,Unité,Instruments Vétérina,DCPT_DEUX,décomptes numéro 2,2025-2026,15
368595.0,AMIN TOTAL,AMIN TOTAL,2000,2012-01-01,0.0,0.0,O,O,O,3685,,True,Sachet,Produits Vétérinaire,NO_DCPT,Aucun Décompte,2025-2026,15
368582.0,PIERRE A LECHER BLOC DE 5 KG,PIERRE A LECHER BLOC DE 5 KG,4000,2012-01-01,0.0,0.0,O,O,O,3685,,True,Unité,Produits Vétérinaire,NO_DCPT,Aucun Décompte,2025-2026,15
368578.0,TENALINE 20% 100 ML,TENALINE 20% 100 ML,3200,2013-01-01,0.0,0.0,O,O,O,3685,,True,Flacon,Produits Vétérinaire,NO_DCPT,Aucun Décompte,2025-2026,15
368623.0,AIGUILLE  15/40,AIGUILLE 15/40,7500,2024-08-09,0.0,0.0,O,O,O,3686,,True,Unité,Instruments Vétérina,DCPT_DEUX,décomptes numéro 2,2025-2026,15
211002.0,APETITBET (SAC DE 40 KG),APETITBET (SAC DE 40 KG),3000,2017-04-20,0.0,0.0,O,O,O,2110,,True,Sac,Alibet,NO_DCPT,Aucun Décompte,2025-2026,15
368153.0,PYRICOT 50 WP en sachet de 50 g,PYRICOT 50 WP en sachet de 50 g,2900,2024-05-30,0.0,0.0,O,O,O,3681,,True,Sachet,Herbicides,DCPT_UN,décomptes numéro 1,2025-2026,15
368154.0,MALIK 108 EC EN BIDON DE 0.9 L,MALIK 108 EC EN BIDON DE 0.9 L,5500,2025-05-28,0.0,0.0,O,O,O,3681,,True,Bidon,Herbicides,DCPT_UN,décomptes numéro 1,2025-2026,15
368227.0,SAPHIR EN SACHET DE 35 G,SAPHIR EN SACHET DE 35 G,500,2024-05-30,0.0,0.0,O,O,O,3682,,True,Sachet,prod traitsem,DCPT_UN,décomptes numéro 1,2025-2026,15
368362.0,EXPERT 50 WG,EXPERT 50 WG EN SACHET DE 120 G,3300,2020-08-18,0.0,0.0,O,O,O,3683,,True,Sachet,Insecticides,DCPT_DEUX,décomptes numéro 2,2025-2026,15
366027.0,SEMENCE MAÏS BONDOFA EN SAC ED 10 KG,SEMENCE MAÏS BONDOFA EN SAC DE 10 KG,22000,2016-05-10,0.0,0.0,O,O,O,3660,,True,Sac,Semences,DCPT_UN,décomptes numéro 1,2025-2026,15
368368.0,TEMA EN SACHET,TEMA EN SACHET,3600,2024-08-09,0.0,0.0,O,O,O,3683,,True,Sachet,Insecticides,DCPT_DEUX,décomptes numéro 2,2025-2026,15
666193.0,PLANCHE EN BOIS,PLANCHE EN BOIS,0,2016-05-10,0.0,0.0,O,O,O,6661,,True,Unité,PLANCHE EN BOIS,NO_DCPT,Aucun Décompte,2025-2026,15
368628.0,MATABI 1000 ML,MATABI 1000 ML,2500,2015-10-13,0.0,0.0,O,O,O,3686,,True,Unité,Instruments Vétérina,DCPT_DEUX,décomptes numéro 2,2025-2026,15
368554.0,PENICILLINE PROCAÏNE AVEC EAU DISTILLEE,PENICILLINE PROCAÏNE AVEC EAU DISTILLEE,300,2012-01-01,0.0,0.0,O,O,O,3685,,True,Flacon,Produits Vétérinaire,NO_DCPT,Aucun Décompte,2025-2026,15
368501.0,OXYTETRACYCLINE 20%LA 100ML,OXYTETRACYCLINE 20%LA 100ML,3000,2018-01-01,0.0,0.0,O,O,O,3685,,True,Flacon,Produits Vétérinaire,NO_DCPT,Aucun Décompte,2025-2026,15
368502.0,OXYTETRACYCLINE 10% 100ML,OXYTETRACYCLINE 10% 100ML,2000,2012-01-01,0.0,0.0,O,O,O,3685,,True,Flacon,Produits Vétérinaire,NO_DCPT,Aucun Décompte,2025-2026,15
368503.0,PENISTREP 100ML,PENISTREP 100ML,3400,2012-01-01,0.0,0.0,O,O,O,3685,,True,Flacon,Produits Vétérinaire,NO_DCPT,Aucun Décompte,2025-2026,15
368504.0,OXYCLINE 100 ML,OXYCLINE 100 ML,3200,2012-01-01,0.0,0.0,O,O,O,3685,,True,Flacon,Produits Vétérinaire,NO_DCPT,Aucun Décompte,2025-2026,15
368505.0,OXYTETRACYCLINE 10% 50 ML,OXYTETRACYCLINE 10% 50 ML,1200,2012-01-01,0.0,0.0,O,O,O,3685,,True,Flacon,Produits Vétérinaire,NO_DCPT,Aucun Décompte,2025-2026,15
368506.0,OXYTETRACYCLINE 20% 50 ML,OXYTETRACYCLINE 20% 50 ML,1800,2012-01-01,0.0,0.0,O,O,O,3685,,True,Flacon,Produits Vétérinaire,NO_DCPT,Aucun Décompte,2025-2026,15
368507.0,SULFADIMERAZINE 33 100 ML,SULFADIMERAZINE 33 100 ML,2000,2012-01-01,0.0,0.0,O,O,O,3685,,True,Flacon,Produits Vétérinaire,NO_DCPT,Aucun Décompte,2025-2026,15
368508.0,TERRAMYCINE EN SPRAY,TERRAMYCINE EN SPRAY,3500,2012-01-01,0.0,0.0,O,O,O,3685,,True,Flacon,Produits Vétérinaire,NO_DCPT,Aucun Décompte,2025-2026,15
368510.0,ALCOOL 95° 250 ML,ALCOOL 95° 250 ML,600,2012-01-01,0.0,0.0,O,O,O,3685,,True,Flacon,Produits Vétérinaire,NO_DCPT,Aucun Décompte,2025-2026,15
368512.0,BAYTICOL POUR ON,BAYTICOL POUR ON,22000,2012-01-01,0.0,0.0,O,O,O,3685,,True,Litre,Produits Vétérinaire,NO_DCPT,Aucun Décompte,2025-2026,15
368591.0,AMPIDEXALONE 100 ML,AMPIDEXALONE 100 ML,5000,2015-01-13,0.0,0.0,O,O,O,3685,,True,Flacon,Produits Vétérinaire,NO_DCPT,Aucun Décompte,2025-2026,15
368155.0,GLYPHADER 360 SL,GLYPHADER 360 SL,3000,2024-05-30,0.0,0.0,O,O,O,3681,,True,Litre,Herbicides,DCPT_UN,décomptes numéro 1,2025-2026,15
368391.0,AZERTY 100 EC,AZERTY 100 EC,60000,2024-08-09,0.0,0.0,O,O,O,3683,,True,Litre,Insecticides,DCPT_DEUX,décomptes numéro 2,2025-2026,15
368379.0,COTIX 50 SL,COTIX 50 SL,3000,2024-08-09,0.0,0.0,O,O,O,3683,,True,Litre,Insecticides,DCPT_DEUX,décomptes numéro 2,2025-2026,15
368380.0,COTIX 95 SP,COTIX 95 SP,500,2024-08-09,0.0,0.0,O,O,O,3683,,True,Sachet,Insecticides,DCPT_DEUX,décomptes numéro 2,2025-2026,15
368381.0,IBIS 360 EC,IBIS 360 EC,6100,2024-08-09,0.0,0.0,O,O,O,3683,,True,Litre,Insecticides,DCPT_DEUX,décomptes numéro 2,2025-2026,15
368382.0,PIRIPRO 100 EC,PIRIPRO 100 EC,6550,2024-08-09,0.0,0.0,O,O,O,3683,,True,Litre,Insecticides,DCPT_DEUX,décomptes numéro 2,2025-2026,15
368383.0,PREVATHON 5 SC,PREVATHON 5 SC,3400,2022-08-04,0.0,0.0,O,O,O,3683,,True,Flacon,Insecticides,DCPT_DEUX,décomptes numéro 2,2025-2026,15
369660.0,POT DE PEINTURE VERTE 1 KG,POT DE PEINTURE VERTE 1 KG,3000,2024-08-09,0.0,0.0,O,O,O,3696,,True,Unité,Divers,DCPT_DEUX,décomptes numéro 2,2025-2026,15
369687.0,POT DE PEINTURE VERTE 2.5 KG,POT DE PEINTURE VERTE 2.5 KG,7500,2024-08-09,0.0,0.0,O,O,O,3696,,True,Unité,Divers,DCPT_DEUX,décomptes numéro 2,2025-2026,15
369661.0,POT DE PEINTURE VERTE 4 KG,POT DE PEINTURE VERTE 4 KG,12000,2024-08-09,0.0,0.0,O,O,O,3696,,True,Unité,Divers,DCPT_DEUX,décomptes numéro 2,2025-2026,15
369662.0,POT DE PEINTURE BLEUE 1 KG,POT DE PEINTURE BLEUE 1 KG,3000,2024-08-09,0.0,0.0,O,O,O,3696,,True,Unité,Divers,DCPT_DEUX,décomptes numéro 2,2025-2026,15
369663.0,POT DE PEINTURE BLEUE 4 KG,POT DE PEINTURE BLEUE 4 KG,12000,2017-08-28,0.0,0.0,O,O,O,3696,,True,Unité,Divers,DCPT_DEUX,décomptes numéro 2,2025-2026,15
368925.0,APPAREIL PULMIC FENIX 35,APPAREIL PULMIC FENIX 35,41000,2021-12-01,0.0,0.0,O,O,O,3689,,True,Unité,APPAREIL PULV SAGA,NO_DCPT,Aucun Décompte,2025-2026,15
369670.0,Ensemble Trepied Complet,Ensemble Trepied Complet,157300,2020-06-02,0.0,0.0,O,O,O,3696,,True,Unité,Divers,DCPT_DEUX,décomptes numéro 2,2025-2026,15
369693.0,Bascule Romaine a Manche,Bascule Romaine a Manche,271375,2020-06-02,0.0,0.0,O,O,O,3696,,True,Unité,Divers,DCPT_DEUX,décomptes numéro 2,2025-2026,15
369437.0,Corde de Semis Soja,Corde de Semis Soja,300,2012-02-12,0.0,0.0,O,O,O,3694,,True,Unité,CORPS SARCLEUR,NO_DCPT,Aucun Décompte,2025-2026,15
368021.0,ENGRAIS OCP,ENGRAIS OCP,480,2025-06-05,0.0,0.0,O,O,O,3680,,True,Kilogramme,Engrais,DCPT_UN,décomptes numéro 1,2025-2026,15
368161.0,POWER 80 DF EN SACHET DE 170 G,POWER 80 DF EN SACHET DE 170 G,1000,2025-05-28,0.0,0.0,O,O,O,3681,,True,Sachet,Herbicides,DCPT_UN,décomptes numéro 1,2025-2026,15
368230.0,MOMTAZ PRO,MONTAZ PRO,500,2024-05-30,0.0,0.0,O,O,O,3682,,True,Sachet,prod traitsem,DCPT_UN,décomptes numéro 1,2025-2026,15
368231.0,MONCEREN,MONCEREN,7000,2024-05-30,0.0,0.0,O,O,O,3682,,True,Litre,prod traitsem,DCPT_UN,décomptes numéro 1,2025-2026,15
368541.0,CYPERMETHRINE 12 EC EN FLACON DE 30 ML,CYPERMETHRINE 12 EC EN FLACON DE 30 ML,1200,2018-08-12,0.0,0.0,O,O,O,3685,,True,Litre,Produits Vétérinaire,NO_DCPT,Aucun Décompte,2025-2026,15
368511.0,OXYKEL 80 100G,OXYKEL 80 100G,2500,2016-01-01,0.0,0.0,O,O,O,3685,,True,Sachet,Produits Vétérinaire,NO_DCPT,Aucun Décompte,2025-2026,15
368389.0,LUCI 100 EC,LUCI 100EC,8800,2024-08-09,0.0,0.0,O,O,O,3683,,True,Litre,Insecticides,DCPT_DEUX,décomptes numéro 2,2025-2026,15
368831.0,CARTER DE CYLINDRE REF.5377,CARTER DE CYLINDRE REF.5377,11500,2012-04-19,0.0,0.0,O,O,O,3688,,True,Unité,App Ulv Piec Rechang,NO_DCPT,Aucun Décompte,2025-2026,15
368833.0,INTERRUPTEUR REF.5391,INTERRUPTEUR REF.5391,750,2012-04-19,0.0,0.0,O,O,O,3688,,True,Unité,App Ulv Piec Rechang,NO_DCPT,Aucun Décompte,2025-2026,15
368834.0,SUPPORT INTERRUPTEUR REF.5392A,SUPPORT INTERRUPTEUR REF.5392A,2100,2012-04-19,0.0,0.0,O,O,O,3688,,True,Unité,App Ulv Piec Rechang,NO_DCPT,Aucun Décompte,2025-2026,15
368837.0,JOINT VITON REF.5398,JOINT VITON REF.5398,150,2012-04-19,0.0,0.0,O,O,O,3688,,True,Unité,App Ulv Piec Rechang,NO_DCPT,Aucun Décompte,2025-2026,15
368838.0,"VIS NP6 X 3/8"" ST POZI  5399","VIS NP6 X 3/8"" ST POZI  5399",50,2012-04-19,0.0,0.0,O,O,O,3688,,True,Unité,App Ulv Piec Rechang,NO_DCPT,Aucun Décompte,2025-2026,15
368840.0,JOINT VITON REF.5403,JOINT VITON REF.5403,150,2012-04-19,0.0,0.0,O,O,O,3688,,True,Unité,App Ulv Piec Rechang,NO_DCPT,Aucun Décompte,2025-2026,15
368405.0,PILES ENERGY,PILES ENERGY,200,2024-08-09,0.0,0.0,O,O,O,3684,,True,Unité,Piles,DCPT_DEUX,décomptes numéro 2,2025-2026,15
369001.0,SEMENCE MAIS BONDOFA,SEMENCE MAIS BONDOFA,22000,2016-06-01,0.0,0.0,O,O,O,3690,,True,Sac,MAIS BONDOFA,DCPT_UN,décomptes numéro 1,2025-2026,15
369675.0,SAVON AZUR 200 G,SAVON AZUR 200G,170,2022-08-04,0.0,0.0,O,O,O,3696,,True,Unité,Divers,DCPT_DEUX,décomptes numéro 2,2025-2026,15
368384.0,ALMECTINE 120 EC,ALMECTINE 120 EC,28800,2024-08-09,0.0,0.0,O,O,O,3683,,True,Litre,Insecticides,DCPT_DEUX,décomptes numéro 2,2025-2026,15
229001.0,Alibet Avarie en sac de 60 kg,Alibet Avarie en sac de 60kg,6300,2017-10-18,0.0,0.0,O,O,O,2290,,True,Sac,Tourteau Avarié,NO_DCPT,Aucun Décompte,2025-2026,15
229002.0,Appetibet Avarié en sac de 40 kg,Appetibet Avarié en sac de 40 kg,1500,2017-10-18,0.0,0.0,O,O,O,2290,,True,Sac,Tourteau Avarié,NO_DCPT,Aucun Décompte,2025-2026,15
229004.0,EXPELLER AVARIE EN SAC DE 60 KG,EXPELLER AVARIE EN SAC DE 60 KG,2500,2017-11-16,0.0,0.0,O,O,O,2290,,True,Sac,Tourteau Avarié,NO_DCPT,Aucun Décompte,2025-2026,15
229005.0,EXPELLER GRAS EN SAC DE 60 KG,EXPELER GRAS EN SAC DE 60 KG,2600,2017-11-16,0.0,0.0,O,O,O,2290,,True,Sac,Tourteau Avarié,NO_DCPT,Aucun Décompte,2025-2026,15
368233.0,BLUEFIX EN BIDON DE 25 L,BLUEFIX EN BIDON DE 25 L,9100,2024-05-30,0.0,0.0,O,O,O,3682,,True,Litre,prod traitsem,DCPT_UN,décomptes numéro 1,2025-2026,15
368239.0,CALTHIO I 450 WS,CALTHIO I 450 WS,500,2024-05-30,0.0,0.0,O,O,O,3682,,True,Sachet,prod traitsem,DCPT_UN,décomptes numéro 1,2025-2026,15
369102.0,MANCHERON GAUCHE T34,MANCHERON GAUCHE T34,4000,2020-06-02,0.0,0.0,O,O,O,3691,,True,Unité,CHAR T34/MC3 PI RECH,NO_DCPT,Aucun Décompte,2025-2026,15
369103.0,MANCHERON DROIT T34,MANCHERON DROIT T34,3500,2020-06-02,0.0,0.0,O,O,O,3691,,True,Unité,CHAR T34/MC3 PI RECH,NO_DCPT,Aucun Décompte,2025-2026,15
369106.0,bras de roue sans roue t 34,bras de roue sans roue t 34,3400,2020-06-02,0.0,0.0,O,O,O,3691,,True,Unité,CHAR T34/MC3 PI RECH,NO_DCPT,Aucun Décompte,2025-2026,15
369105.0,COUTRIERE T34 101-09,COUTRIERE T34 101-09,2100,2020-06-02,0.0,0.0,O,O,O,3691,,True,Unité,CHAR T34/MC3 PI RECH,NO_DCPT,Aucun Décompte,2025-2026,15
373501.0,TYLAP 20% 100 ML,TYLAP 20 % 100 ML,4300,2020-06-01,0.0,0.0,O,O,O,3735,,True,Flacon,PRODUIT VETERINAIRE,NO_DCPT,Aucun Décompte,2025-2026,15
369108.0,REGULATEUR CROCHET T34,REGULATEUR CROCHET T34,4200,2020-06-02,0.0,0.0,O,O,O,3691,,True,Unité,CHAR T34/MC3 PI RECH,NO_DCPT,Aucun Décompte,2025-2026,15
373502.0,VECTOCLOR,VECTOCLOR,6300,2020-06-01,0.0,0.0,O,O,O,3735,,True,Flacon,PRODUIT VETERINAIRE,NO_DCPT,Aucun Décompte,2025-2026,15
369110.0,CONTRESEP + BOULON T34 101-06,CONTRESEP + BOULON T34 101-06,2500,2020-06-02,0.0,0.0,O,O,O,3691,,True,Unité,CHAR T34/MC3 PI RECH,NO_DCPT,Aucun Décompte,2025-2026,15
369111.0,TALON + BOULON T34 101-05,TALON + BOULON T34 101-05,2350,2020-06-02,0.0,0.0,O,O,O,3691,,True,Unité,CHAR T34/MC3 PI RECH,NO_DCPT,Aucun Décompte,2025-2026,15
369112.0,VERSOIR + BOULON T34 101-03,VERSOIR + BOULON T34 101-03,5500,2020-06-02,0.0,0.0,O,O,O,3691,,True,Unité,CHAR T34/MC3 PI RECH,NO_DCPT,Aucun Décompte,2025-2026,15
369113.0,SOC + BOULON T34 101-04,SOC + BOULON T34 101-04,5350,2020-06-02,0.0,0.0,O,O,O,3691,,True,Unité,CHAR T34/MC3 PI RECH,NO_DCPT,Aucun Décompte,2025-2026,15
369114.0,SOC A BEC + BOULON T34,SOC A BEC + BOULON T34,5000,2020-06-02,0.0,0.0,O,O,O,3691,,True,Unité,CHAR T34/MC3 PI RECH,NO_DCPT,Aucun Décompte,2025-2026,15
369115.0,CLE PLATE A TETE MULTIPLE T34,CLE PLATE A TETE MULTIPLE T34,900,2020-06-02,0.0,0.0,O,O,O,3691,,True,Unité,CHAR T34/MC3 PI RECH,NO_DCPT,Aucun Décompte,2025-2026,15
369116.0,CHAINE ATTELAGE T34 101-14,CHAINE ATTELAGE T34 101-14,7000,2022-11-01,0.0,0.0,O,O,O,3691,,True,Unité,CHAR T34/MC3 PI RECH,NO_DCPT,Aucun Décompte,2025-2026,15
369117.0,BOULON H 8 X 25 REF.801-02-01,BOULON H 8 X 25 REF.801-02-01,350,2020-06-02,0.0,0.0,O,O,O,3691,,True,Unité,CHAR T34/MC3 PI RECH,NO_DCPT,Aucun Décompte,2025-2026,15
369118.0,BOULON TFCC 10 X 30,BOULON TFCC 10 X 30,350,2020-06-02,0.0,0.0,O,O,O,3691,,True,Unité,CHAR T34/MC3 PI RECH,NO_DCPT,Aucun Décompte,2025-2026,15
369119.0,BOULON TFE 12 X 40,BOULON TFE 12 X 40,350,2020-06-02,0.0,0.0,O,O,O,3691,,True,Unité,CHAR T34/MC3 PI RECH,NO_DCPT,Aucun Décompte,2025-2026,15
368232.0,INSECTOR RT 35 G,INSECTOR RT 35 G,500,2024-05-30,0.0,0.0,O,O,O,3682,,True,Sachet,prod traitsem,DCPT_UN,décomptes numéro 1,2025-2026,15
3682.0,MONCEREN 390 FS,MONCERE 390 FS,7000,2018-05-31,0.0,0.0,O,O,O,3682,,True,Litre,prod traitsem,DCPT_UN,décomptes numéro 1,2025-2026,15
368160.0,LIBERATOR,LIBERATOR,6000,2024-05-30,0.0,0.0,O,O,O,3681,,True,Litre,Herbicides,DCPT_UN,décomptes numéro 1,2025-2026,15
368874.0,APPAREIL PULMIC FENIX SHOGUN 510,APPAREIL PULMIC FENIX SHOGUN 510,31500,2018-08-09,0.0,0.0,O,O,O,3688,,True,Unité,App Ulv Piec Rechang,NO_DCPT,Aucun Décompte,2025-2026,15
368158.0,HERBAGRAM,HERBAGRAM,6000,2024-05-30,0.0,0.0,O,O,O,3681,,True,Litre,Herbicides,DCPT_UN,décomptes numéro 1,2025-2026,15
368234.0,MOMTAZ FLO,MOMTAZ FLO,10000,2024-05-30,0.0,0.0,O,O,O,3682,,True,Litre,prod traitsem,DCPT_UN,décomptes numéro 1,2025-2026,15
368228.0,STANDAK TOP,STANDAK TOP,103000,2024-05-30,0.0,0.0,O,O,O,3682,,True,Litre,prod traitsem,DCPT_UN,décomptes numéro 1,2025-2026,15
368387.0,IMPERATOR 200 SC,IMPERATOR 200 SC,48000,2024-08-09,0.0,0.0,O,O,O,3683,,True,Litre,Insecticides,DCPT_DEUX,décomptes numéro 2,2025-2026,15
368385.0,MOVENTO 150 OD,MOVENTO 150 OD,2500,2024-08-09,0.0,0.0,O,O,O,3683,,True,Litre,Insecticides,DCPT_DEUX,décomptes numéro 2,2025-2026,15
368386.0,BENJI 700 WG EN SACHET DE 7.2 G,BENJI 700 WG EN SACHET DE 7.2 G,250,2024-08-09,0.0,0.0,O,O,O,3683,,True,Sachet,Insecticides,DCPT_DEUX,décomptes numéro 2,2025-2026,15
368599.0,DOXYCOL 100G,DOXYCOL 100 G,2200,2018-01-01,0.0,0.0,O,O,O,3685,,True,Sachet,Produits Vétérinaire,NO_DCPT,Aucun Décompte,2025-2026,15
368563.0,STROMITEN CHIEN,STROMITEN CHIEN,350,2018-01-01,0.0,0.0,O,O,O,3685,,True,Com,Produits Vétérinaire,NO_DCPT,Aucun Décompte,2025-2026,15
368592.0,DEXAPHENYLARTHRITE 100 ML,DEXAPHENYLARTHRITE 100 ML,3500,2018-01-01,0.0,0.0,O,O,O,3685,,True,Flacon,Produits Vétérinaire,NO_DCPT,Aucun Décompte,2025-2026,15
369120.0,BOULON H 12 X 50 REF.801-02-06,BOULON H 12 X 50 REF.801-02-06,350,2020-06-02,0.0,0.0,O,O,O,3691,,True,Unité,CHAR T34/MC3 PI RECH,NO_DCPT,Aucun Décompte,2025-2026,15
369121.0,BOULON H 14 X 50 REF.801-02-10,BOULON H 14 X 50 REF.801-02-10,350,2020-06-02,0.0,0.0,O,O,O,3691,,True,Unité,CHAR T34/MC3 PI RECH,NO_DCPT,Aucun Décompte,2025-2026,15
369122.0,BOULON H 12 X 40,BOULON H 12 X 40,350,2020-06-02,0.0,0.0,O,O,O,3691,,True,Unité,CHAR T34/MC3 PI RECH,NO_DCPT,Aucun Décompte,2025-2026,15
373300.0,huile de Neem,huile de Neem,5250,2024-08-09,0.0,0.0,O,O,O,3733,,True,Litre,insecticide bio,DCPT_DEUX,décomptes numéro 2,2025-2026,15
369669.0,MORCEAUX SAVON NOSA,MORCEAUX SAVON NOSA DE 200 G,170,2024-08-09,0.0,0.0,O,O,O,3696,,True,Unité,Divers,DCPT_DEUX,décomptes numéro 2,2025-2026,15
368219.0,INSECTOR T,INSECTOR EN SACHET DE 50 G,600,2019-05-24,0.0,0.0,O,O,O,3682,,True,Sachet,prod traitsem,DCPT_UN,décomptes numéro 1,2025-2026,15
368220.0,STARGRAIN EN SACHET DE 50 G,STARGRAIN EN SACHET DE 50 G,500,2024-05-30,0.0,0.0,O,O,O,3682,,True,Sachet,prod traitsem,DCPT_UN,décomptes numéro 1,2025-2026,15
368131.0,GLYPHALM 720 WG,GLYPHALM 720 WG EN SACHET DE 240 G,1200,2025-05-28,0.0,0.0,O,O,O,3681,,True,Sachet,Herbicides,DCPT_UN,décomptes numéro 1,2025-2026,15
368012.0,ENGRAIS NPK SB 21 08 12 3 1,ENGRAIS NPK 21 08 12 3 1EN SAC DE 50 KG,550,2023-05-15,0.0,0.0,O,O,O,3680,,True,Kilogramme,Engrais,DCPT_UN,décomptes numéro 1,2025-2026,15
368013.0,ENGRAIS NPK+CAO+S,ENGRAIS NPK+CAO+S(6 10 30 +6+6 EN SAC DE 50 KG,550,2023-05-15,0.0,0.0,O,O,O,3680,,True,Kilogramme,Engrais,DCPT_UN,décomptes numéro 1,2025-2026,15
368784.0,PULAPPAREIL PULMIC,PULAPPAREIL PULMIC,31500,2021-12-01,0.0,0.0,O,O,O,3687,,True,Unité,App Hand Piec Rechan,NO_DCPT,Aucun Décompte,2025-2026,15
368586.0,OXYTETRACYCLINE 20% EN POUDRE,OXYTETRACYCLINE 20% EN POUDRE,2500,2012-01-01,0.0,0.0,O,O,O,3685,,True,Sachet,Produits Vétérinaire,NO_DCPT,Aucun Décompte,2025-2026,15
368631.0,TUBE AVEC ECROU MATABI,TUBE AVEC ECROU MATABI,4000,2012-01-01,0.0,0.0,O,O,O,3685,,True,Unité,Produits Vétérinaire,NO_DCPT,Aucun Décompte,2025-2026,15
368632.0,MANETTE COMPLETE MATABI,MANETTE COMPLETE MATABI,3500,2012-01-01,0.0,0.0,O,O,O,3685,,True,Unité,Produits Vétérinaire,NO_DCPT,Aucun Décompte,2025-2026,15
368634.0,ECROU MATABI,ECROU MATABI,300,2012-01-01,0.0,0.0,O,O,O,3685,,True,Unité,Produits Vétérinaire,NO_DCPT,Aucun Décompte,2025-2026,15
368635.0,TUYAU COMPLETE MATABI,TUYAU COMPLETE MATABI,3000,2012-01-01,0.0,0.0,O,O,O,3685,,True,Unité,Produits Vétérinaire,NO_DCPT,Aucun Décompte,2025-2026,15
368593.0,TOPLINE POUR ON,TOPLINE POUR ON,18000,2012-01-01,0.0,0.0,O,O,O,3685,,True,Flacon,Produits Vétérinaire,NO_DCPT,Aucun Décompte,2025-2026,15
368594.0,PIPERAZINE DE CITRAT,PIPERAZINE DE CITRAT,2000,2012-01-01,0.0,0.0,O,O,O,3685,,True,Sachet,Produits Vétérinaire,NO_DCPT,Aucun Décompte,2025-2026,15
368643.0,POIGNEE COMPLETE SHOGUN,POIGNEE COMPLETE SHOGUN,5000,2012-01-01,0.0,0.0,O,O,O,3686,,True,Unité,Instruments Vétérina,DCPT_DEUX,décomptes numéro 2,2025-2026,15
368644.0,POMPE COMPLETE SHOGUN,POMPE COMPLETE SHOGUN,7500,2012-01-01,0.0,0.0,O,O,O,3686,,True,Unité,Instruments Vétérina,DCPT_DEUX,décomptes numéro 2,2025-2026,15
368645.0,TETE PULVERISATION SHOGUN 1 L,TETE PULVERISATION SHOGUN 1 L,1000,2012-01-01,0.0,0.0,nan,nan,nan,3686,,True,Unité,Instruments Vétérina,DCPT_DEUX,décomptes numéro 2,2025-2026,15
368647.0,TUBE COMPLET SHOGUN,TUBE COMPLET SHOGUN,4000,2012-01-01,0.0,0.0,nan,nan,nan,3686,,True,Unité,Instruments Vétérina,DCPT_DEUX,décomptes numéro 2,2025-2026,15
368649.0,PULVERISATEUR SHOGUN 1 L,PULVERIASTEUR SHOGUN 1 L,2600,2012-01-01,0.0,0.0,nan,nan,nan,3686,,True,Unité,Instruments Vétérina,DCPT_DEUX,décomptes numéro 2,2025-2026,15
368651.0,APPAREIL MATABI 2000 ML,APPAREIL MATABI 2000 ML,3500,2012-01-01,0.0,0.0,nan,nan,nan,3686,,True,Unité,Instruments Vétérina,DCPT_DEUX,décomptes numéro 2,2025-2026,15
368652.0,PULVERISATEUR 5 L,PULVERISATEUR,15000,2012-01-01,0.0,0.0,nan,nan,nan,3686,,True,Unité,Instruments Vétérina,DCPT_DEUX,décomptes numéro 2,2025-2026,15
368548.0,MULTIVAX FLACON 20 DOSES,MULTIVAX FLACON 20 DOSES,1300,2012-01-01,0.0,0.0,nan,nan,nan,3685,,True,Flacon,Produits Vétérinaire,NO_DCPT,Aucun Décompte,2025-2026,15
368549.0,ITANEW,ITANEW 100 DOSES,3600,2012-01-01,0.0,0.0,O,O,O,3685,,True,Flacon,Produits Vétérinaire,NO_DCPT,Aucun Décompte,2025-2026,15
368550.0,CAP¨RIPESTOVAC 50 DOSES,CAPRIPESTOVAC 50 DOSES,5000,2012-01-01,0.0,0.0,nan,nan,nan,3685,,True,Flacon,Produits Vétérinaire,NO_DCPT,Aucun Décompte,2025-2026,15
368551.0,CAPRIPESTOVAC 100 DOSES,CAPRIPESTOVAC 100 DOSES,10000,2012-01-01,0.0,0.0,nan,nan,nan,3685,,True,Flacon,Produits Vétérinaire,NO_DCPT,Aucun Décompte,2025-2026,15
368570.0,MULTIVAX 50 DOSES,MULTIVAX 50 DOSES,3500,2012-01-01,0.0,0.0,nan,nan,nan,3685,,True,Flacon,Produits Vétérinaire,NO_DCPT,Aucun Décompte,2025-2026,15
368573.0,MULTIVAX 25 DOSES,MULTIVAX 25 DOSES,2000,2012-01-01,0.0,0.0,nan,nan,nan,3685,,True,Flacon,Produits Vétérinaire,NO_DCPT,Aucun Décompte,2025-2026,15
368581.0,CAPRIXEROVAX 20 DOSES,CAPRIXEROVAX 20 DOSES,2000,2012-01-01,0.0,0.0,nan,nan,nan,3685,,True,Flacon,Produits Vétérinaire,NO_DCPT,Aucun Décompte,2025-2026,15
368600.0,TYLOKEL 20% 100 ML,TYLOKEL 20% 100 ML,4800,2012-01-01,0.0,0.0,O,O,O,3686,,True,Flacon,Instruments Vétérina,DCPT_DEUX,décomptes numéro 2,2025-2026,15
3686.0,SERINGUE 20 CC BOLIVET,SERINGUE CC 20 BOLIVET,3000,2016-01-01,0.0,0.0,O,O,O,3686,,True,Unité,Instruments Vétérina,DCPT_DEUX,décomptes numéro 2,2025-2026,15
229006.0,TOURTEAU SOYABET AVARIE EN SAC DE 60 KG,TOURTEAU SOYABET AVARIE EN SAC DE 60 KG,6000,2017-11-16,0.0,0.0,O,O,O,2290,,True,Sac,Tourteau Avarié,NO_DCPT,Aucun Décompte,2025-2026,15
229003.0,NUTRIBET AVARIE EN SAC DE 60 KG,NUTRIBET AVARIE EN SAC DE 60 KG,7200,2017-11-16,0.0,0.0,O,O,O,2290,,True,Sac,Tourteau Avarié,NO_DCPT,Aucun Décompte,2025-2026,15
368515.0,Veriben B12 10.5g,Veriben B12 10.5g,2200,2012-01-01,0.0,0.0,O,O,O,3685,,True,Sachet,Produits Vétérinaire,NO_DCPT,Aucun Décompte,2025-2026,15
368625.0,Aiguille 15/20,Aiguille 15/20,300,2012-02-01,0.0,0.0,O,O,O,3686,,True,Unité,Instruments Vétérina,DCPT_DEUX,décomptes numéro 2,2025-2026,15
373500.0,CYPERTHOX 10 %,CYPERTHOX 10 %,2500,2020-06-01,0.0,0.0,O,O,O,3735,,True,Flacon,PRODUIT VETERINAIRE,NO_DCPT,Aucun Décompte,2025-2026,15
368168.0,MIRACULLIOUS EN BIDON,MIRACULLIOUS EN BIDON,12500,2024-05-30,0.0,0.0,O,O,O,3681,,True,Litre,Herbicides,DCPT_UN,décomptes numéro 1,2025-2026,15
368170.0,QUARTZ EN BIDON,QUARTZ EN BIDON,5500,2025-05-28,0.0,0.0,O,O,O,3681,,True,Bidon,Herbicides,DCPT_UN,décomptes numéro 1,2025-2026,15
369104.0,entretoise avec 2 boulons t 34,entretoise avec 2 boulons t 34,1000,2020-06-02,0.0,0.0,O,O,O,3691,,True,Unité,CHAR T34/MC3 PI RECH,NO_DCPT,Aucun Décompte,2025-2026,15
3691.0,sep sans boulon t 34,sep sans boulon t 34,8200,2020-06-02,0.0,0.0,O,O,O,3691,,True,Unité,CHAR T34/MC3 PI RECH,NO_DCPT,Aucun Décompte,2025-2026,15
369109.0,sep sans boulon t 34,sep sans boulon t 34,8200,2020-06-02,0.0,0.0,O,O,O,3691,,True,Unité,CHAR T34/MC3 PI RECH,NO_DCPT,Aucun Décompte,2025-2026,15
368226.0,calthio mix 485 ws en sachet de 35,calthio mix 485 ws en sachet de 35,500,2024-05-30,0.0,0.0,O,O,O,3682,,True,Sachet,prod traitsem,DCPT_UN,décomptes numéro 1,2025-2026,15
368169.0,METONYX,METONYX,5000,2024-05-30,0.0,0.0,O,O,O,3681,,True,Litre,Herbicides,DCPT_UN,décomptes numéro 1,2025-2026,15
373503.0,MULTIVAX 100 DOSES,MULTIVAX 100 DOSES,6500,2020-08-11,0.0,0.0,O,O,O,3735,,True,Flacon,PRODUIT VETERINAIRE,NO_DCPT,Aucun Décompte,2025-2026,15
373504.0,TYLOVET 100 ML,TYLOVET 100 ML,4300,2020-08-11,0.0,0.0,O,O,O,3735,,True,Flacon,PRODUIT VETERINAIRE,NO_DCPT,Aucun Décompte,2025-2026,15
368602.0,PEINTURE ROUGE VIF EN 1 KG,PEINTURE ROUGE VIF EN 1 KG,3750,2024-08-09,0.0,0.0,O,O,O,3686,,True,Kilogramme,Instruments Vétérina,DCPT_DEUX,décomptes numéro 2,2025-2026,15
368604.0,PEINTURE ROUGE VIF EN 100 G,PEINTURE ROUGE VIF EN 100 G,1000,2024-08-09,0.0,0.0,O,O,O,3686,,True,pot,Instruments Vétérina,DCPT_DEUX,décomptes numéro 2,2025-2026,15
369375.0,MORCEAUX DE SAVONS AZUR 200 G,MORCEAUX DE SAVONS AZUR 200 G,170,2024-08-09,0.0,0.0,O,O,O,3693,,True,Unité,CHAR T20/MC1 PI RECH,NO_DCPT,Aucun Décompte,2025-2026,15
368392.0,KILLAM,KILLAM 150 EC EN BIDON DE 1 L,6100,2024-08-09,0.0,0.0,O,O,O,3683,,True,Litre,Insecticides,DCPT_DEUX,décomptes numéro 2,2025-2026,15
368393.0,MEPRO,MEPRO SL 250 G/L EN FLACON DE 200 ML,3000,2023-07-25,0.0,0.0,O,O,O,3683,,True,Flacon,Insecticides,DCPT_DEUX,décomptes numéro 2,2025-2026,15
368394.0,RADIAN,RADIAN,17750,2023-07-25,0.0,0.0,O,O,O,3683,,True,Flacon,Insecticides,DCPT_DEUX,décomptes numéro 2,2025-2026,15
369659.0,PEINTURE ROUGE EN 4 KG,PEINTURE ROUGE EN 4 KG,15000,2024-08-09,0.0,0.0,O,O,O,3696,,True,pot,Divers,DCPT_DEUX,décomptes numéro 2,2025-2026,15
368178.0,MAIZUP S,MAIZUP S,5000,2025-05-28,0.0,0.0,O,O,O,3681,,True,Litre,Herbicides,DCPT_UN,décomptes numéro 1,2025-2026,15
368179.0,HALAXY 108 EC EN 0.9 L,HALAXY 108 EC EN 0.9 L,5500,2024-05-30,0.0,0.0,O,O,O,3681,,True,Bidon,Herbicides,DCPT_UN,décomptes numéro 1,2025-2026,15
368177.0,MAIA SUPER EN 1 L,MAIA SUPER EN 1 L,5000,2025-05-28,0.0,0.0,O,O,O,3681,,True,Litre,Herbicides,DCPT_UN,décomptes numéro 1,2025-2026,15
368180.0,YOWAMIL EN 1 L,YOWAMIL EN 1 L,5000,2024-05-30,0.0,0.0,O,O,O,3681,,True,Litre,Herbicides,DCPT_UN,décomptes numéro 1,2025-2026,15
368181.0,GLYPHOSALM 360 EN BIDON DE 20 L,GLYPHOSALM 360 EN BIDON DE 20 L,3000,2024-05-30,0.0,0.0,O,O,O,3681,,True,Litre,Herbicides,DCPT_UN,décomptes numéro 1,2025-2026,15
368182.0,GRAMI 108 EC EN BIDONDE 0.9 L,GRAMI 108 EC EN BIDONDE 0.9 L,5500,2024-05-30,0.0,0.0,O,O,O,3681,,True,Bidon,Herbicides,DCPT_UN,décomptes numéro 1,2025-2026,15
368395.0,INDOROY 30 WG EN 42 G,INDOROY 30 WG EN 42 G,3600,2024-08-09,0.0,0.0,O,O,O,3683,,True,Sachet,Insecticides,DCPT_DEUX,décomptes numéro 2,2025-2026,15
368396.0,DINEL 270 WG EN 50 G,DINEL 270 WG EN 50 G,3600,2024-08-09,0.0,0.0,O,O,O,3683,,True,Sachet,Insecticides,DCPT_DEUX,décomptes numéro 2,2025-2026,15
368397.0,DOYEN SUPER EN SHT DE 100 G,DOYEN SUPER EN SHT DE 100 G,3600,2024-08-09,0.0,0.0,O,O,O,3683,,True,Sachet,Insecticides,DCPT_DEUX,décomptes numéro 2,2025-2026,15
368398.0,prize 50 wg en sht de 60 g,prize 50 wg en sht de 60 g,3600,2024-08-09,0.0,0.0,O,O,O,3683,,True,Sachet,Insecticides,DCPT_DEUX,décomptes numéro 2,2025-2026,15
368399.0,porselen 55 wg en sht de 30 g,porselen 55 wg en sht de 30 g,3600,2024-08-09,0.0,0.0,O,O,O,3683,,True,Sachet,Insecticides,DCPT_DEUX,décomptes numéro 2,2025-2026,15
368406.0,solar village battery stick,solar village battery stick,76500,2022-08-04,0.0,0.0,O,O,O,3684,,True,Unité,Piles,DCPT_DEUX,décomptes numéro 2,2025-2026,15
373301.0,KAFACO,KAFACO,48000,2024-08-09,0.0,0.0,O,O,O,3683,,True,Litre,Insecticides,DCPT_DEUX,décomptes numéro 2,2025-2026,15
373302.0,TOURTEAU DE NEEM,TOURTEAU DE NEEM,5500,2024-08-09,0.0,0.0,O,O,O,3733,,True,Sac,insecticide bio,DCPT_DEUX,décomptes numéro 2,2025-2026,15
368023.0,ENGRAIS 12.24.12,ENGRAIS 12.24.12,520,2024-05-30,0.0,0.0,O,O,O,3680,,True,Kilogramme,Engrais,DCPT_UN,décomptes numéro 1,2025-2026,15
368025.0,ENGRAIS 13.13.21,ENGRAIS 13.13.21,520,2024-05-30,0.0,0.0,O,O,O,3680,,True,Kilogramme,Engrais,DCPT_UN,décomptes numéro 1,2025-2026,15
368024.0,ENGRAIS 20.10.10 EN 50 KG,ENGRAIS 20.10.10 EN 50 KG,480,2024-05-30,0.0,0.0,O,O,O,3680,,True,Kilogramme,Engrais,DCPT_UN,décomptes numéro 1,2025-2026,15
368026.0,ENGRAIS 20.10.10 EN SAC DE 25 KG,ENGRAIS 20.10.10 EN SAC DE 25 KG,520,2024-05-30,0.0,0.0,O,O,O,3680,,True,Kilogramme,Engrais,DCPT_UN,décomptes numéro 1,2025-2026,15
368121.0,GLYPHADER 750 EN SACHET DE 260G,GLYPHADER 750 EN SACHET DE 260G,1350,2024-06-03,0.0,0.0,O,O,O,3681,,True,Sachet,Herbicides,DCPT_UN,décomptes numéro 1,2025-2026,15
368188.0,DIURALM 80 DF EN SACHET DE 225 G,DIURALM 80 DF EN SACHET DE 225 G,1200,2025-05-28,0.0,0.0,O,O,O,3681,,True,Sachet,Herbicides,DCPT_UN,décomptes numéro 1,2025-2026,15
368183.0,ATRAROY 90 WG  DE 225 G,ATRAROY  90 WG EN SACGET DE 225 G,1250,2025-05-28,0.0,0.0,O,O,O,3681,,True,Sachet,Herbicides,DCPT_UN,décomptes numéro 1,2025-2026,15
368187.0,STELLAR STAR,STELLAR STAR,21200,2025-05-28,0.0,0.0,O,O,O,3681,,True,Litre,Herbicides,DCPT_UN,décomptes numéro 1,2025-2026,15
368184.0,NICOROY 75 WG,NICOROY 75 WG,2500,2025-05-28,0.0,0.0,O,O,O,3681,,True,Sachet,Herbicides,DCPT_UN,décomptes numéro 1,2025-2026,15
368186.0,TRIFLOROY 110 D,TRIFLOROY 110 D,12500,2023-05-15,0.0,0.0,O,O,O,3681,,True,Litre,Herbicides,DCPT_UN,décomptes numéro 1,2025-2026,15
373101.0,panthera,panthera,5500,2024-08-09,0.0,0.0,O,O,O,3681,,True,Sachet,Herbicides,DCPT_UN,décomptes numéro 1,2025-2026,15
373191.0,FASCINATE DRY,FASCINATE DRY,6500,2023-08-16,0.0,0.0,O,O,O,3681,,True,Sachet,Herbicides,DCPT_UN,décomptes numéro 1,2025-2026,15
368185.0,DIUROY 80 WG,DIUROY 80 WG,1500,2023-08-19,0.0,0.0,O,O,O,3681,,True,Sachet,Herbicides,DCPT_UN,décomptes numéro 1,2025-2026,15
373304.0,FLONIROY,FLONIROY,2800,2024-08-09,0.0,0.0,O,O,O,3733,,True,Sachet,insecticide bio,DCPT_DEUX,décomptes numéro 2,2025-2026,15
373303.0,BATICK,BATICK EN 250 G,3600,2024-08-09,0.0,0.0,O,O,O,3733,,True,Sachet,insecticide bio,DCPT_DEUX,décomptes numéro 2,2025-2026,15
373396.0,DINEL,DINEL,4250,2023-07-25,0.0,0.0,O,O,O,3683,,True,Sachet,Insecticides,DCPT_DEUX,décomptes numéro 2,2025-2026,15
373306.0,ANTARIO,ANTARIO,3250,2025-08-18,0.0,0.0,O,O,O,3733,,True,Sachet,insecticide bio,DCPT_DEUX,décomptes numéro 2,2025-2026,15
373600.0,SAVON ETOILE,SAVON ETOILE,170,2024-08-09,0.0,0.0,O,O,O,3696,,True,Unité,Divers,DCPT_DEUX,décomptes numéro 2,2025-2026,15
367006.0,SEMENCE DE CROTALAIRE RETUSA,SEMENCE DE CROTALAIRE RETUSA EN SACHET DE 500 G,25,2013-04-03,0.0,0.0,O,O,O,3670,,True,Sachet,Semences PLANTE COUV,DCPT_UN,décomptes numéro 1,2025-2026,15
367008.0,SEMENCE DE CROTALAIRE RETUSA,"SEMENCE DE CROTALAIRE RETUSA EN SACHET DE 2,5 KG",125,2013-04-03,0.0,0.0,O,O,O,3670,,True,Sachet,Semences PLANTE COUV,DCPT_UN,décomptes numéro 1,2025-2026,15
369424.0,ADAPTATEUR AR. CORPS SARCLEUR,ADAPTATEUR AR. CORPS SARCLEUR,11500,2020-06-02,0.0,0.0,O,O,O,3694,,True,Unité,CORPS SARCLEUR,NO_DCPT,Aucun Décompte,2025-2026,15
369522.0,JOUGUET MONOBOVIN TRANSPORT,JOUGUET MONOBOVIN POUR TRANSPORT,5500,2020-06-02,0.0,0.0,O,O,O,3695,,True,Unité,Mat transp Piec Rech,NO_DCPT,Aucun Décompte,2025-2026,15
369427.0,JOUGUET MONOBOEUF,JOUGUET MONOBOEUF,7000,2020-06-02,0.0,0.0,O,O,O,3694,,True,Unité,CORPS SARCLEUR,NO_DCPT,Aucun Décompte,2025-2026,15
369428.0,BRICOLE ASINE IRAD EN NYLON,BRICOLE ASINE IRAD EN NYLON,5000,2020-06-02,0.0,0.0,O,O,O,3694,,True,Unité,CORPS SARCLEUR,NO_DCPT,Aucun Décompte,2025-2026,15
369429.0,RAYONNEUR,RAYONNEUR,10400,2020-06-02,0.0,0.0,O,O,O,3694,,True,Unité,CORPS SARCLEUR,NO_DCPT,Aucun Décompte,2025-2026,15
369430.0,ADAPTATEUR DE TRACEUR 2 DENTS,ADAPTATEUR DE TRACEUR 2 DENTS,7000,2020-06-02,0.0,0.0,O,O,O,3694,,True,Unité,CORPS SARCLEUR,NO_DCPT,Aucun Décompte,2025-2026,15
369431.0,RONDELLE PLATE Z 22V,RONDELLE PLATE Z 22V,200,2020-06-02,0.0,0.0,O,O,O,3694,,True,Unité,CORPS SARCLEUR,NO_DCPT,Aucun Décompte,2025-2026,15
369432.0,GOUPILLE V 6X60 805-01-01,GOUPILLE V 6X60 805-01-01,100,2020-06-02,0.0,0.0,O,O,O,3694,,True,Unité,CORPS SARCLEUR,NO_DCPT,Aucun Décompte,2025-2026,15
368028.0,ENGRAIS 15.20.15,ENGRAIS 15.20.15,480,2025-06-05,0.0,0.0,O,O,O,3680,,True,Kilogramme,Engrais,DCPT_UN,décomptes numéro 1,2025-2026,15
368241.0,CALTHIO I,CALTHIO I,500,2024-06-03,0.0,0.0,O,O,O,3682,,True,Sachet,prod traitsem,DCPT_UN,décomptes numéro 1,2025-2026,15
368191.0,FASCINATE DRY,FASCINATE DRY,2500,2024-09-23,0.0,0.0,O,O,O,3681,,True,Sachet,Herbicides,DCPT_UN,décomptes numéro 1,2025-2026,15
368192.0,SERENITY 192 OD,SERENITY 192 OD,8500,2024-08-09,0.0,0.0,O,O,O,3681,,True,Litre,Herbicides,DCPT_UN,décomptes numéro 1,2025-2026,15
3683.0,GRACIA,GRACIA,18000,2024-08-09,0.0,0.0,O,O,O,3733,,True,Litre,insecticide bio,DCPT_DEUX,décomptes numéro 2,2025-2026,15
3733.0,GRACIA,GRACIA,18000,2024-08-09,0.0,0.0,O,O,O,3733,,True,Litre,insecticide bio,DCPT_DEUX,décomptes numéro 2,2025-2026,15
373310.0,GRACIA,GRACIA,18000,2024-08-09,0.0,0.0,O,O,O,3733,,True,Litre,insecticide bio,DCPT_DEUX,décomptes numéro 2,2025-2026,15
373307.0,COMBATTANT,COMBATTANT,3750,2024-08-09,0.0,0.0,O,O,O,3733,,True,Flacon,insecticide bio,DCPT_DEUX,décomptes numéro 2,2025-2026,15
373309.0,AHA BIO AHA 500ML,AHA BIO AHA 500ML,20000,2024-08-09,0.0,0.0,O,O,O,3733,,True,Litre,insecticide bio,DCPT_DEUX,décomptes numéro 2,2025-2026,15
373311.0,BIO K32 250MG,BIO K32 250MG,3250,2025-08-18,0.0,0.0,O,O,O,3733,,True,Sachet,insecticide bio,DCPT_DEUX,décomptes numéro 2,2025-2026,15
368137.0,FINISH 68 SG,FINISH 68 SG EN SACHET DE 260 G,1200,2025-05-28,0.0,0.0,O,O,O,3681,,True,Sachet,Herbicides,DCPT_UN,décomptes numéro 1,2025-2026,15
368136.0,GLYCOTT ULTRA 757 WG,GLYCOTT ULTRA 757 WG EN SACHET DE 260 G,1200,2025-05-28,0.0,0.0,O,O,O,3681,,True,Sachet,Herbicides,DCPT_UN,décomptes numéro 1,2025-2026,15
368135.0,CYCLONE 200 SL,CYCLONE 200 SL,6500,2024-06-03,0.0,0.0,O,O,O,3681,,True,Litre,Herbicides,DCPT_UN,décomptes numéro 1,2025-2026,15
366025.0,SEMENCE DELINTEE ET TRAITEE,SEMENCE DELINTEE ET TRAITEE EN SAC DE 5 KG,7000,2023-07-10,0.0,0.0,O,O,O,3660,,True,Sac,Semences,DCPT_UN,décomptes numéro 1,2025-2026,15
369411.0,ADAPTATEUR 101 C,ADAPTATEUR 101 C,3600,2020-06-02,0.0,0.0,O,O,O,3694,,True,Unité,CORPS SARCLEUR,NO_DCPT,Aucun Décompte,2025-2026,15
369420.0,ENSEMBLE LAME SARCLEUR T20,ENSEMBLE LAME SARCLEUR T20 EQUIPE DE 2 DENTS ET 2 COEURS DE 250 MM+ BRAS DE ROUE,25000,2020-06-02,0.0,0.0,O,O,O,3694,,True,Unité,CORPS SARCLEUR,NO_DCPT,Aucun Décompte,2025-2026,15
368325.0,SULTAN 500 EC,SULTAN 500 EC,4300,2012-04-19,0.0,0.0,O,O,O,3683,,True,Litre,Insecticides,DCPT_DEUX,décomptes numéro 2,2025-2026,15
369684.0,BROUETTE,BROUETTE TROPIC,23500,2020-06-02,0.0,0.0,O,O,O,3696,,True,Unité,Divers,DCPT_DEUX,décomptes numéro 2,2025-2026,15
368130.0,AGRAZINE 90 WG,AGRAZINE 90 WG EN SACHET DE 225 G,1350,2024-05-30,0.0,0.0,O,O,O,3681,,True,Sachet,Herbicides,DCPT_UN,décomptes numéro 1,2025-2026,15
368806.0,"VIS NP6 X 3/8"" REF.4646","VIS NP6 X 3/8"" REF.4646",50,2012-04-19,0.0,0.0,O,O,O,3688,,True,Unité,App Ulv Piec Rechang,NO_DCPT,Aucun Décompte,2025-2026,15
368310.0,TRIALM 400 EC 400G/L DE TRIAZ,TRIALM 400 EC 400G/L DE TRIAZ,6600,2016-08-09,0.0,0.0,O,O,O,3683,,True,Litre,Insecticides,DCPT_DEUX,décomptes numéro 2,2025-2026,15
369519.0,ROULEMENT 30205,ROULEMENT 30205,6800,2020-06-02,0.0,0.0,O,O,O,3695,,True,Unité,Mat transp Piec Rech,NO_DCPT,Aucun Décompte,2025-2026,15
368314.0,CALFOS 720 EC,CALFOS 720 EC,15120,2012-04-19,0.0,0.0,O,O,O,3683,,True,Litre,Insecticides,DCPT_DEUX,décomptes numéro 2,2025-2026,15
368752.0,COLLIER SERRAGE BOITIER,COLLIER SERRAGE BOITIER,0,2012-04-19,0.0,0.0,O,O,O,3687,,True,Unité,App Hand Piec Rechan,NO_DCPT,Aucun Décompte,2025-2026,15
368754.0,CONNECTEUR BIDON REF.5752,CONNECTEUR BIDON REF.5752,3600,2012-04-19,0.0,0.0,O,O,O,3687,,True,Unité,App Hand Piec Rechan,NO_DCPT,Aucun Décompte,2025-2026,15
368801.0,APPAREIL ULVA+ 10L/HA (MICRON),APPAREIL ULVA+ 10L/HA (MICRON),30000,2024-06-06,0.0,0.0,O,O,O,3688,,True,Unité,App Ulv Piec Rechang,NO_DCPT,Aucun Décompte,2025-2026,15
368804.0,"RESSORT CONTACT MOTEUR 9/32""","RESSORT CONTACT MOTEUR 9/32""",0,2012-04-19,0.0,0.0,O,O,O,3688,,True,Unité,App Ulv Piec Rechang,NO_DCPT,Aucun Décompte,2025-2026,15
368809.0,"TUBE PVC 1/4"" (ID) AU METRE","TUBE PVC 1/4"" (ID) AU METRE",800,2012-04-19,0.0,0.0,O,O,O,3688,,True,Unité,App Ulv Piec Rechang,NO_DCPT,Aucun Décompte,2025-2026,15
368815.0,BOUTEILLE 1L AVEC BOUCHON,BOUTEILLE 1L AVEC BOUCHON,2650,2012-04-19,0.0,0.0,O,O,O,3688,,True,Unité,App Ulv Piec Rechang,NO_DCPT,Aucun Décompte,2025-2026,15
368816.0,MOTEUR ULVA+ 12 VOLTS REF.5320,MOTEUR ULVA+ 12 VOLTS REF.5320,6050,2012-04-19,0.0,0.0,O,O,O,3688,,True,Unité,App Ulv Piec Rechang,NO_DCPT,Aucun Décompte,2025-2026,15
368821.0,PLATINE MOTEUR REF.5366,PLATINE MOTEUR REF.5366,500,2012-04-19,0.0,0.0,O,O,O,3688,,True,Unité,App Ulv Piec Rechang,NO_DCPT,Aucun Décompte,2025-2026,15
368822.0,CARTER MOTEUR REF.5367,CARTER MOTEUR REF.5367,2150,2012-04-19,0.0,0.0,O,O,O,3688,,True,Unité,App Ulv Piec Rechang,NO_DCPT,Aucun Décompte,2025-2026,15
368825.0,ECROU A AILETTES REF.5370,ECROU A AILETTES REF.5370,970,2012-04-19,0.0,0.0,O,O,O,3688,,True,Unité,App Ulv Piec Rechang,NO_DCPT,Aucun Décompte,2025-2026,15
368737.0,TETE MOTEUR (VERTE) REF.5359B,TETE MOTEUR (VERTE) REF.5359B,11500,2012-04-19,0.0,0.0,O,O,O,3687,,True,Unité,App Hand Piec Rechan,NO_DCPT,Aucun Décompte,2025-2026,15
368738.0,RESSORT POUR TETE REF.4457,RESSORT POUR TETE REF.4457,25,2012-04-19,0.0,0.0,O,O,O,3687,,True,Unité,App Hand Piec Rechan,NO_DCPT,Aucun Décompte,2025-2026,15
373313.0,LAUDENTO,LAUDENTO,6500,2025-08-18,0.0,0.0,O,O,O,3683,,True,Flacon,Insecticides,DCPT_DEUX,décomptes numéro 2,2025-2026,15
373308.0,SPANVIC,SPANVIC,16250,2025-08-18,0.0,0.0,O,O,O,3683,,True,Litre,Insecticides,DCPT_DEUX,décomptes numéro 2,2025-2026,15
373314.0,SILVALIS,SILVALIS,6500,2025-08-18,0.0,0.0,O,O,O,3733,,True,Flacon,insecticide bio,DCPT_DEUX,décomptes numéro 2,2025-2026,15
373312.0,CYPERCAL,CYPERCAL,3050,2025-09-05,0.0,0.0,O,O,O,3733,,True,Flacon,insecticide bio,DCPT_DEUX,décomptes numéro 2,2025-2026,15
373315.0,CYPERCAL,CYPERCAL,8400,2025-09-05,0.0,0.0,O,O,O,3733,,True,Litre,insecticide bio,DCPT_DEUX,décomptes numéro 2,2025-2026,15
373305.0,FORTENZA,FORTENZA,166000,2025-08-18,0.0,0.0,O,O,O,3733,,True,Litre,insecticide bio,DCPT_DEUX,décomptes numéro 2,2025-2026,15
368242.0,MOMTAZ,MOMTAZ,500,2025-07-18,0.0,0.0,O,O,O,3682,,True,Sachet,prod traitsem,DCPT_UN,décomptes numéro 1,2025-2026,15
